都道府県,市区町村,年齢,性別,商品券決済日時,商品券決済金額,産業,3市町
千葉県,我孫子市,39,男性,2022/10/07 9:38,"1,760",漆器,鯖江市
福井県,敦賀市,43,女性,2022/10/07 9:57,800,和紙,越前市
福井県,鯖江市,42,女性,2022/10/07 9:59,"3,000",その他,鯖江市
千葉県,我孫子市,39,男性,2022/10/07 10:11,1,漆器,鯖江市
福井県,福井市,36,男性,2022/10/07 10:12,500,その他,鯖江市
福井県,越前市,36,女性,2022/10/07 10:14,"6,000",飲食,鯖江市
福井県,敦賀市,38,女性,2022/10/07 10:16,"6,000",飲食,鯖江市
福井県,敦賀市,43,女性,2022/10/07 10:18,"2,580",和紙,越前市
福井県,越前市,51,女性,2022/10/07 10:20,"6,000",飲食,鯖江市
鳥取県,米子市,27,男性,2022/10/07 10:20,500,その他,鯖江市
神奈川県,鎌倉市,21,女性,2022/10/07 10:24,"3,500",その他,鯖江市
福井県,福井市,45,女性,2022/10/07 10:27,"6,000",飲食,鯖江市
京都府,京都市,52,回答なし,2022/10/07 10:32,500,その他,鯖江市
京都府,京都市,42,女性,2022/10/07 10:33,500,その他,鯖江市
福井県,越前市,47,女性,2022/10/07 10:34,"5,100",飲食,鯖江市
福井県,福井市,35,男性,2022/10/07 10:36,350,眼鏡,鯖江市
福井県,越前市,34,女性,2022/10/07 10:37,"2,900",飲食,鯖江市
福井県,福井市,33,回答なし,2022/10/07 10:40,"6,000",飲食,鯖江市
福井県,丹生郡越前町,27,男性,2022/10/07 10:42,"4,000",焼物,越前町
千葉県,習志野市,51,男性,2022/10/07 10:45,"3,966",漆器,鯖江市
京都府,京都市,43,女性,2022/10/07 10:47,500,その他,鯖江市
福井県,福井市,65,女性,2022/10/07 10:48,"6,000",飲食,鯖江市
福井県,敦賀市,43,女性,2022/10/07 10:50,450,和紙,越前市
京都府,京都市,21,女性,2022/10/07 10:53,"4,000",漆器,鯖江市
福井県,越前市,38,女性,2022/10/07 10:54,"4,000",漆器,鯖江市
福井県,越前市,51,女性,2022/10/07 10:56,"6,000",飲食,鯖江市
山形県,山形市,19,女性,2022/10/07 10:58,"4,000",漆器,鯖江市
福井県,越前市,34,女性,2022/10/07 10:59,"2,500",漆器,鯖江市
大阪府,大阪市,35,女性,2022/10/07 10:59,"6,000",飲食,鯖江市
福井県,福井市,25,女性,2022/10/07 11:01,600,繊維,鯖江市
福井県,福井市,31,女性,2022/10/07 11:04,"4,000",漆器,鯖江市
福井県,勝山市,49,女性,2022/10/07 11:06,"6,000",漆器,鯖江市
千葉県,我孫子市,39,男性,2022/10/07 11:07,1,漆器,鯖江市
福井県,鯖江市,28,女性,2022/10/07 11:07,"6,000",飲食,鯖江市
愛知県,一宮市,41,男性,2022/10/07 11:11,"4,950",漆器,鯖江市
奈良県,生駒市,55,男性,2022/10/07 11:13,"1,100",眼鏡,鯖江市
滋賀県,甲賀市,25,女性,2022/10/07 11:13,"5,000",漆器,鯖江市
福井県,福井市,41,男性,2022/10/07 11:18,"7,851",その他,鯖江市
石川県,金沢市,41,女性,2022/10/07 11:24,"5,050",飲食,鯖江市
福井県,鯖江市,42,女性,2022/10/07 11:26,"1,000",その他,鯖江市
福井県,敦賀市,33,女性,2022/10/07 11:26,"6,000",飲食,鯖江市
石川県,野々市市,51,男性,2022/10/07 11:27,"6,000",飲食,鯖江市
福井県,福井市,32,女性,2022/10/07 11:29,"11,446",その他,鯖江市
福井県,敦賀市,49,女性,2022/10/07 11:29,"6,000",飲食,鯖江市
福井県,福井市,33,女性,2022/10/07 11:32,"4,100",漆器,鯖江市
香川県,高松市,26,女性,2022/10/07 11:37,"3,740",その他,鯖江市
福井県,勝山市遅羽町,68,女性,2022/10/07 11:39,"44,770",漆器,鯖江市
長野県,松本市,42,男性,2022/10/07 11:39,"5,540",その他,鯖江市
福井県,坂井市,35,男性,2022/10/07 11:39,"3,190",和紙,越前市
福井県,鯖江市,24,その他,2022/10/07 11:40,"9,000",漆器,鯖江市
福井県,鯖江市,28,女性,2022/10/07 11:42,"13,000",漆器,鯖江市
福井県,福井市,41,男性,2022/10/07 11:43,"19,800",その他,鯖江市
千葉県,我孫子市,39,男性,2022/10/07 11:44,"2,200",飲食,鯖江市
神奈川県,鎌倉市,21,女性,2022/10/07 11:45,"14,000",漆器,鯖江市
福井県,越前市,36,女性,2022/10/07 11:49,500,その他,越前市
埼玉県,志木市,21,女性,2022/10/07 11:51,"2,000",その他,鯖江市
福井県,福井市,37,男性,2022/10/07 11:53,"1,280",飲食,鯖江市
福井県,福井市,33,女性,2022/10/07 11:54,"1,048",漆器,鯖江市
神奈川県,相模原市,22,女性,2022/10/07 11:54,"2,000",漆器,鯖江市
福井県,福井市,33,女性,2022/10/07 11:54,"1,048",漆器,鯖江市
福井県,福井市,33,女性,2022/10/07 11:54,0,漆器,鯖江市
福井県,福井市,47,女性,2022/10/07 11:54,"2,500",漆器,鯖江市
奈良県,生駒市,49,女性,2022/10/07 11:55,"2,156",漆器,鯖江市
福井県,福井市,33,女性,2022/10/07 11:55,573,漆器,鯖江市
福井県,坂井市,21,男性,2022/10/07 11:56,"2,000",漆器,鯖江市
福井県,福井市,47,女性,2022/10/07 11:58,"3,500",漆器,鯖江市
埼玉県,川口市,31,回答なし,2022/10/07 11:58,"1,540",和紙,越前市
福井県,福井市,38,女性,2022/10/07 12:00,400,漆器,鯖江市
福井県,鯖江市,22,男性,2022/10/07 12:00,"6,000",漆器,鯖江市
福井県,福井市,37,男性,2022/10/07 12:00,320,飲食,鯖江市
福井県,鯖江市,45,女性,2022/10/07 12:01,"28,100",その他,鯖江市
奈良県,王寺町,22,男性,2022/10/07 12:03,"2,000",その他,鯖江市
福井県,越前市,34,女性,2022/10/07 12:04,600,漆器,鯖江市
京都府,京都市,21,女性,2022/10/07 12:04,"2,400",漆器,鯖江市
福井県,福井市,25,女性,2022/10/07 12:05,500,和紙,越前市
福井県,越前市,38,女性,2022/10/07 12:06,"3,900",漆器,鯖江市
福井県,福井市,31,女性,2022/10/07 12:08,"5,000",漆器,鯖江市
千葉県,市川市,47,男性,2022/10/07 12:08,"6,750",飲食,鯖江市
埼玉県,川口市,31,回答なし,2022/10/07 12:08,"1,100",和紙,越前市
福井県,福井市,31,女性,2022/10/07 12:11,"3,000",漆器,鯖江市
山形県,山形市,21,女性,2022/10/07 12:12,"2,000",その他,鯖江市
東京都,葛飾区,31,女性,2022/10/07 12:13,"9,000",眼鏡,鯖江市
福井県,福井市,32,男性,2022/10/07 12:13,"5,450",飲食,鯖江市
山形県,山形市,21,女性,2022/10/07 12:15,320,飲食,鯖江市
石川県,金沢市,41,女性,2022/10/07 12:15,"3,080",和紙,越前市
福井県,鯖江市,35,男性,2022/10/07 12:15,"1,400",飲食,鯖江市
福井県,福井市,33,女性,2022/10/07 12:16,640,飲食,鯖江市
大阪府,大阪市,35,女性,2022/10/07 12:25,"3,000",その他,鯖江市
石川県,中能登町,28,女性,2022/10/07 12:26,"2,500",その他,鯖江市
福井県,越前市,63,女性,2022/10/07 12:29,"5,400",飲食,鯖江市
石川県,金沢市,41,女性,2022/10/07 12:29,"3,870",和紙,越前市
福井県,福井市,27,女性,2022/10/07 12:29,"3,500",和紙,越前市
福井県,越前市,38,女性,2022/10/07 12:30,"4,100",漆器,鯖江市
福井県,福井市,38,女性,2022/10/07 12:33,"6,000",漆器,鯖江市
福井県,勝山市,44,男性,2022/10/07 12:34,"1,400",飲食,鯖江市
大阪府,大阪市,35,女性,2022/10/07 12:36,320,飲食,鯖江市
埼玉県,小川町,32,男性,2022/10/07 12:39,"1,500",その他,鯖江市
福井県,越前市,38,女性,2022/10/07 12:40,"3,100",飲食,鯖江市
滋賀県,彦根市,20,女性,2022/10/07 12:47,"1,400",飲食,鯖江市
愛知県,一宮市,41,男性,2022/10/07 12:47,"2,000",その他,鯖江市
長野県,松本市,42,男性,2022/10/07 12:48,"3,500",その他,鯖江市
岐阜県,郡上市,43,男性,2022/10/07 12:49,"4,400",漆器,鯖江市
福井県,敦賀市,43,女性,2022/10/07 12:51,500,漆器,鯖江市
滋賀県,彦根市,21,女性,2022/10/07 12:53,850,飲食,鯖江市
山形県,山形市,21,女性,2022/10/07 12:55,"2,000",その他,鯖江市
福井県,福井市,38,女性,2022/10/07 12:55,"2,500",漆器,鯖江市
静岡県,静岡市,35,女性,2022/10/07 12:57,"2,000",その他,鯖江市
福井県,越前市,63,女性,2022/10/07 13:01,"1,000",その他,鯖江市
山形県,山形市,21,女性,2022/10/07 13:03,500,その他,鯖江市
福井県,越前市,42,女性,2022/10/07 13:05,"3,900",飲食,鯖江市
広島県,広島市,56,女性,2022/10/07 13:07,"1,000",その他,鯖江市
福井県,敦賀市,43,女性,2022/10/07 13:08,"4,730",漆器,鯖江市
滋賀県,彦根市,20,女性,2022/10/07 13:13,500,その他,鯖江市
滋賀県,彦根市,21,女性,2022/10/07 13:13,500,その他,鯖江市
東京都,調布市,60,女性,2022/10/07 13:15,"8,580",その他,鯖江市
静岡県,静岡市,35,女性,2022/10/07 13:16,"2,310",漆器,鯖江市
埼玉県,志木市,21,女性,2022/10/07 13:16,594,和紙,越前市
福井県,鯖江市,24,その他,2022/10/07 13:17,"2,000",その他,鯖江市
宮城県,仙台市,30,女性,2022/10/07 13:20,500,その他,鯖江市
福井県,敦賀市,43,女性,2022/10/07 13:31,"2,420",漆器,鯖江市
福井県,福井市,22,女性,2022/10/07 13:32,"1,400",飲食,鯖江市
京都府,京都市,22,その他,2022/10/07 13:38,"1,500",その他,鯖江市
福井県,鯖江市,59,女性,2022/10/07 13:38,"4,400",飲食,鯖江市
神奈川県,小田原市,29,女性,2022/10/07 13:40,"2,900",眼鏡,鯖江市
千葉県,習志野市,51,男性,2022/10/07 13:40,"6,500",漆器,鯖江市
福井県,鯖江市,42,女性,2022/10/07 13:41,"2,000",漆器,鯖江市
群馬県,桐生市,25,女性,2022/10/07 13:43,500,眼鏡,鯖江市
福井県,鯖江市,38,男性,2022/10/07 13:45,"22,000",その他,鯖江市
福井県,福井市,25,女性,2022/10/07 13:46,"6,300",その他,鯖江市
福井県,鯖江市,42,女性,2022/10/07 13:48,"3,300",漆器,鯖江市
香川県,高松市,26,女性,2022/10/07 13:49,"2,260",漆器,鯖江市
福井県,鯖江市,30,男性,2022/10/07 13:49,500,その他,鯖江市
滋賀県,彦根市,45,女性,2022/10/07 13:50,"1,500",その他,鯖江市
福井県,坂井市,56,男性,2022/10/07 13:50,500,その他,鯖江市
福井県,福井市,60,男性,2022/10/07 13:51,500,その他,鯖江市
長野県,松本市,42,男性,2022/10/07 13:52,"9,680",漆器,鯖江市
福井県,鯖江市,42,女性,2022/10/07 13:55,"1,050",漆器,鯖江市
愛知県,名古屋市,51,女性,2022/10/07 13:57,"3,850",その他,鯖江市
奈良県,生駒市,55,男性,2022/10/07 13:59,"4,900",打刃物,越前市
京都府,京都市,22,その他,2022/10/07 14:00,"4,500",漆器,鯖江市
東京都,中央区,43,女性,2022/10/07 14:01,"2,200",漆器,鯖江市
埼玉県,小川町,32,男性,2022/10/07 14:02,500,その他,鯖江市
東京都,中央区,40,女性,2022/10/07 14:02,"2,200",漆器,鯖江市
愛知県,一宮市,41,男性,2022/10/07 14:03,756,その他,鯖江市
京都府,京都市左京区,24,女性,2022/10/07 14:03,"4,000",漆器,鯖江市
京都府,京都市,21,女性,2022/10/07 14:06,"1,500",漆器,鯖江市
石川県,金沢市,41,女性,2022/10/07 14:06,640,飲食,鯖江市
福井県,越前市,63,女性,2022/10/07 14:07,"2,470",打刃物,越前市
福井県,越前市,63,女性,2022/10/07 14:08,"2,470",打刃物,越前市
福井県,勝山市遅羽町,68,女性,2022/10/07 14:09,"3,230",飲食,鯖江市
鳥取県,米子市,27,男性,2022/10/07 14:10,"35,500",眼鏡,鯖江市
福井県,鯖江市,30,男性,2022/10/07 14:10,400,漆器,鯖江市
福井県,鯖江市,30,男性,2022/10/07 14:11,400,漆器,鯖江市
福井県,福井市,25,女性,2022/10/07 14:13,"1,400",飲食,鯖江市
福井県,坂井市,56,男性,2022/10/07 14:15,"1,000",その他,鯖江市
福井県,福井市,60,男性,2022/10/07 14:16,"2,000",その他,鯖江市
福井県,越前市,36,女性,2022/10/07 14:17,"1,000",その他,鯖江市
福井県,福井市,38,女性,2022/10/07 14:19,"1,702",漆器,鯖江市
奈良県,王寺町,22,男性,2022/10/07 14:19,320,飲食,鯖江市
静岡県,静岡市,35,女性,2022/10/07 14:19,"5,700",漆器,鯖江市
福井県,坂井市,40,女性,2022/10/07 14:20,"10,660",その他,鯖江市
福井県,坂井市,35,男性,2022/10/07 14:21,"2,810",眼鏡,鯖江市
福井県,鯖江市,30,男性,2022/10/07 14:22,"2,900",漆器,鯖江市
石川県,金沢市,41,女性,2022/10/07 14:23,"1,000",その他,鯖江市
福井県,鯖江市,61,女性,2022/10/07 14:23,"6,000",漆器,鯖江市
福井県,福井市,50,男性,2022/10/07 14:24,"6,000",漆器,鯖江市
福井県,福井市,23,男性,2022/10/07 14:26,"2,800",漆器,鯖江市
滋賀県,彦根市,45,女性,2022/10/07 14:27,"3,520",その他,鯖江市
東京都,豊島区,48,男性,2022/10/07 14:29,"1,000",その他,鯖江市
福井県,坂井市,40,男性,2022/10/07 14:29,"6,000",漆器,鯖江市
長野県,塩尻市,27,女性,2022/10/07 14:32,"1,000",その他,鯖江市
福井県,福井市,23,男性,2022/10/07 14:32,"2,145",漆器,鯖江市
山形県,山形市,21,女性,2022/10/07 14:32,"1,100",その他,鯖江市
広島県,広島市,56,女性,2022/10/07 14:34,700,漆器,鯖江市
福井県,鯖江市,42,女性,2022/10/07 14:34,500,漆器,鯖江市
福井県,越前市,66,女性,2022/10/07 14:35,"5,748",漆器,鯖江市
福井県,あわら市,46,女性,2022/10/07 14:35,"4,350",飲食,鯖江市
福井県,坂井市,40,女性,2022/10/07 14:35,"4,560",その他,鯖江市
東京都,荒川区,26,女性,2022/10/07 14:36,"6,000",その他,鯖江市
京都府,京都市,43,女性,2022/10/07 14:37,"4,180",その他,鯖江市
福井県,勝山市,44,男性,2022/10/07 14:39,320,飲食,鯖江市
福井県,鯖江市,42,女性,2022/10/07 14:39,400,漆器,鯖江市
福井県,福井市,55,男性,2022/10/07 14:41,"1,000",その他,鯖江市
千葉県,市川市,47,男性,2022/10/07 14:41,320,飲食,鯖江市
福井県,敦賀市,43,女性,2022/10/07 14:42,520,その他,鯖江市
福井県,鯖江市,44,女性,2022/10/07 14:42,"6,000",漆器,鯖江市
福井県,坂井市,40,女性,2022/10/07 14:43,500,その他,鯖江市
福井県,福井市,39,男性,2022/10/07 14:44,"3,812",漆器,鯖江市
福井県,福井市,39,男性,2022/10/07 14:46,"2,188",漆器,鯖江市
京都府,京都市,42,女性,2022/10/07 14:47,"2,860",その他,鯖江市
東京都,江東区,22,男性,2022/10/07 14:49,500,その他,鯖江市
福井県,福井市,36,男性,2022/10/07 14:51,"1,650",漆器,鯖江市
愛知県,春日井市,49,女性,2022/10/07 14:55,"1,700",焼物,越前町
福井県,福井市,38,男性,2022/10/07 14:56,"6,000",その他,鯖江市
京都府,京都市,43,女性,2022/10/07 14:57,500,その他,鯖江市
京都府,京都市,42,女性,2022/10/07 14:57,500,その他,鯖江市
京都府,京都市,52,回答なし,2022/10/07 14:58,500,その他,鯖江市
京都府,京都市,22,その他,2022/10/07 14:58,"5,720",漆器,鯖江市
群馬県,桐生市,25,女性,2022/10/07 15:00,"2,702",飲食,鯖江市
福井県,福井市,34,男性,2022/10/07 15:02,400,漆器,鯖江市
埼玉県,志木市,21,女性,2022/10/07 15:04,"3,080",和紙,越前市
滋賀県,彦根市,20,女性,2022/10/07 15:06,"1,500",漆器,鯖江市
滋賀県,彦根市,21,女性,2022/10/07 15:06,"1,500",漆器,鯖江市
広島県,広島市,56,女性,2022/10/07 15:07,"1,000",その他,鯖江市
福井県,越前市,32,女性,2022/10/07 15:07,"6,000",漆器,鯖江市
福井県,鯖江市,35,男性,2022/10/07 15:08,"1,650",和紙,越前市
福井県,越前市,43,女性,2022/10/07 15:09,"6,000",焼物,越前町
静岡県,静岡市,35,女性,2022/10/07 15:11,"3,300",眼鏡,鯖江市
福井県,福井市,53,女性,2022/10/07 15:11,"4,120",漆器,鯖江市
長野県,松本市,42,男性,2022/10/07 15:12,"3,630",漆器,鯖江市
福井県,福井市,25,女性,2022/10/07 15:13,"1,636",その他,鯖江市
福井県,坂井市,21,男性,2022/10/07 15:15,660,和紙,越前市
長野県,松本市,42,男性,2022/10/07 15:16,500,その他,鯖江市
福井県,福井市,53,女性,2022/10/07 15:16,400,漆器,鯖江市
愛知県,名古屋市,51,女性,2022/10/07 15:17,"2,150",漆器,鯖江市
福井県,福井市,38,女性,2022/10/07 15:24,800,和紙,越前市
福井県,鯖江市,73,女性,2022/10/07 15:25,"5,660",漆器,鯖江市
福井県,福井市,53,女性,2022/10/07 15:26,"1,400",漆器,鯖江市
福井県,丹生郡越前町,27,男性,2022/10/07 15:30,"4,120",漆器,鯖江市
東京都,江東区,22,男性,2022/10/07 15:30,500,その他,鯖江市
福井県,越前市,36,女性,2022/10/07 15:30,"4,500",その他,鯖江市
福井県,鯖江市,73,女性,2022/10/07 15:30,340,その他,鯖江市
神奈川県,相模原市,22,女性,2022/10/07 15:32,600,和紙,越前市
長野県,松本市,42,男性,2022/10/07 15:33,"1,150",その他,鯖江市
滋賀県,彦根市,20,女性,2022/10/07 15:33,"1,000",その他,鯖江市
福井県,坂井市,40,女性,2022/10/07 15:34,"1,000",その他,鯖江市
滋賀県,彦根市,21,女性,2022/10/07 15:34,"1,000",その他,鯖江市
福井県,鯖江市,42,女性,2022/10/07 15:42,750,眼鏡,鯖江市
京都府,京都市,42,女性,2022/10/07 15:44,500,その他,鯖江市
京都府,京都市,52,回答なし,2022/10/07 15:44,500,その他,鯖江市
福井県,丹生郡越前町,27,男性,2022/10/07 15:44,"7,500",漆器,鯖江市
千葉県,習志野市,51,男性,2022/10/07 15:45,"12,714",その他,鯖江市
静岡県,静岡市,35,女性,2022/10/07 15:45,"3,900",漆器,鯖江市
京都府,京都市,43,女性,2022/10/07 15:45,500,その他,鯖江市
群馬県,桐生市,25,女性,2022/10/07 15:45,320,飲食,鯖江市
滋賀県,彦根市,45,女性,2022/10/07 15:46,980,その他,鯖江市
大阪府,大阪市,49,男性,2022/10/07 15:46,"6,000",漆器,鯖江市
福井県,越前市,31,女性,2022/10/07 15:49,"3,000",漆器,鯖江市
石川県,金沢市,26,女性,2022/10/07 15:49,500,その他,鯖江市
大阪府,高石市,33,男性,2022/10/07 15:51,"4,400",漆器,鯖江市
石川県,金沢市,41,女性,2022/10/07 15:51,"4,360",漆器,鯖江市
千葉県,市川市,47,男性,2022/10/07 15:53,"4,400",漆器,鯖江市
東京都,豊島区,38,男性,2022/10/07 15:54,"6,000",漆器,鯖江市
群馬県,桐生市,25,女性,2022/10/07 15:55,500,その他,鯖江市
滋賀県,彦根市,20,女性,2022/10/07 15:56,800,その他,鯖江市
福井県,福井市,27,女性,2022/10/07 15:56,440,漆器,越前市
滋賀県,甲賀市,25,女性,2022/10/07 16:00,"4,000",漆器,鯖江市
福井県,福井市,38,女性,2022/10/07 16:00,598,和紙,越前市
福井県,鯖江市,73,女性,2022/10/07 16:00,"6,000",漆器,鯖江市
埼玉県,志木市,21,女性,2022/10/07 16:01,320,飲食,鯖江市
福井県,敦賀市,58,男性,2022/10/07 16:02,"2,200",その他,鯖江市
福井県,丹生郡越前町,27,男性,2022/10/07 16:05,"1,000",その他,鯖江市
福井県,坂井市,36,回答なし,2022/10/07 16:06,500,その他,鯖江市
福井県,福井市,22,女性,2022/10/07 16:09,"4,600",漆器,鯖江市
佐賀県,有田町,39,男性,2022/10/07 16:10,"4,180",その他,鯖江市
福井県,坂井市,40,女性,2022/10/07 16:15,"7,280",漆器,鯖江市
長野県,塩尻市,27,女性,2022/10/07 16:17,"1,000",その他,鯖江市
福井県,福井市,27,女性,2022/10/07 16:21,"2,060",和紙,越前市
佐賀県,有田町,39,男性,2022/10/07 16:25,"1,242",その他,鯖江市
広島県,広島市,56,女性,2022/10/07 16:25,"4,400",和紙,越前市
広島県,広島市,56,女性,2022/10/07 16:27,"2,750",和紙,越前市
埼玉県,志木市,21,女性,2022/10/07 16:28,6,その他,鯖江市
福井県,福井市,32,男性,2022/10/07 16:29,320,飲食,鯖江市
福井県,越前市,31,女性,2022/10/07 16:35,"1,414",漆器,鯖江市
佐賀県,有田町,33,男性,2022/10/07 16:35,"13,420",その他,鯖江市
福井県,鯖江市,38,男性,2022/10/07 16:36,"1,000",その他,鯖江市
東京都,中央区,40,女性,2022/10/07 16:38,"1,450",和紙,越前市
山形県,山形市,19,女性,2022/10/07 16:42,500,その他,鯖江市
広島県,広島市,56,女性,2022/10/07 16:42,"2,150",和紙,越前市
神奈川県,鎌倉市,21,女性,2022/10/07 16:43,"4,600",その他,鯖江市
静岡県,静岡市,35,女性,2022/10/07 16:44,500,眼鏡,鯖江市
京都府,京都市,21,女性,2022/10/07 16:45,500,その他,鯖江市
千葉県,習志野市,51,男性,2022/10/07 16:46,500,その他,鯖江市
福井県,越前市,30,女性,2022/10/07 16:47,"12,000",漆器,鯖江市
福井県,敦賀市,58,男性,2022/10/07 16:47,"3,800",眼鏡,鯖江市
神奈川県,小田原市,29,女性,2022/10/07 16:47,600,その他,鯖江市
福井県,鯖江市,35,男性,2022/10/07 16:47,500,その他,鯖江市
福井県,坂井市,36,回答なし,2022/10/07 16:48,"6,820",漆器,鯖江市
大阪府,大阪市,35,女性,2022/10/07 16:48,500,その他,鯖江市
東京都,港区,54,男性,2022/10/07 16:54,"30,000",漆器,鯖江市
佐賀県,有田町,39,男性,2022/10/07 16:54,"3,520",その他,鯖江市
京都府,京都市,52,回答なし,2022/10/07 16:56,"4,500",その他,鯖江市
京都府,京都市,42,女性,2022/10/07 16:57,"1,640",その他,鯖江市
神奈川県,横浜市,25,女性,2022/10/07 17:03,"6,000",漆器,鯖江市
兵庫県,伊丹市,30,男性,2022/10/07 17:03,"2,420",漆器,鯖江市
東京都,調布市,60,女性,2022/10/07 17:03,"1,650",和紙,越前市
岐阜県,郡上市,43,男性,2022/10/07 17:05,"2,500",漆器,鯖江市
福井県,福井市,32,女性,2022/10/07 17:05,"4,620",和紙,越前市
京都府,京都市左京区,24,女性,2022/10/07 17:10,"1,980",その他,鯖江市
埼玉県,小川町,32,男性,2022/10/07 17:12,"6,380",その他,鯖江市
滋賀県,甲賀市,25,女性,2022/10/07 17:16,990,その他,鯖江市
石川県,金沢市,26,女性,2022/10/07 17:21,500,その他,鯖江市
愛知県,一宮市,41,男性,2022/10/07 17:23,"10,294",眼鏡,鯖江市
京都府,京都市,21,女性,2022/10/07 17:25,"3,600",その他,鯖江市
福井県,坂井市,67,男性,2022/10/07 17:25,"6,000",漆器,鯖江市
東京都,渋谷区,39,男性,2022/10/07 17:27,"1,000",その他,鯖江市
福井県,坂井市,36,回答なし,2022/10/07 17:29,"4,560",その他,鯖江市
大阪府,大阪市,35,女性,2022/10/07 17:31,"2,180",その他,鯖江市
石川県,金沢市,26,女性,2022/10/07 17:33,500,その他,鯖江市
福井県,小浜市,49,男性,2022/10/07 17:38,"1,500",その他,鯖江市
神奈川県,鎌倉市,21,女性,2022/10/07 17:40,"6,050",その他,鯖江市
福井県,福井市,47,男性,2022/10/07 17:44,"6,000",眼鏡,鯖江市
福井県,鯖江市,62,女性,2022/10/07 17:46,"1,000",漆器,鯖江市
岐阜県,郡上市,43,男性,2022/10/07 17:53,"3,800",漆器,鯖江市
東京都,八王子市,22,女性,2022/10/07 17:54,"1,870",その他,鯖江市
福井県,越前市,42,女性,2022/10/07 18:01,"57,200",その他,鯖江市
福井県,福井市,36,男性,2022/10/07 18:10,"5,500",その他,鯖江市
神奈川県,小田原市,29,女性,2022/10/07 18:15,"1,740",飲食,鯖江市
京都府,京都市,22,その他,2022/10/07 18:17,280,飲食,鯖江市
福井県,鯖江市,62,女性,2022/10/07 18:29,"1,500",その他,鯖江市
福井県,鯖江市,30,女性,2022/10/07 18:38,"2,200",その他,鯖江市
千葉県,習志野市,51,男性,2022/10/07 18:42,320,その他,鯖江市
佐賀県,有田町,39,男性,2022/10/07 19:29,"3,058",飲食,鯖江市
佐賀県,有田町,33,男性,2022/10/07 19:31,"3,070",飲食,鯖江市
神奈川県,横浜市,46,女性,2022/10/08 9:46,"5,000",その他,鯖江市
神奈川県,横浜市,58,男性,2022/10/08 10:00,"1,000",その他,鯖江市
福井県,福井市,42,女性,2022/10/08 10:01,"5,000",その他,越前町
宮城県,仙台市,30,女性,2022/10/08 10:01,500,その他,鯖江市
福井県,福井市,42,女性,2022/10/08 10:01,"5,000",その他,越前町
兵庫県,伊丹市,30,男性,2022/10/08 10:05,"2,300",和紙,越前市
東京都,狛江市,32,女性,2022/10/08 10:05,320,飲食,鯖江市
福井県,鯖江市,23,男性,2022/10/08 10:06,"17,980",その他,鯖江市
福井県,越前市,52,女性,2022/10/08 10:10,"6,000",飲食,鯖江市
山形県,山形市,21,男性,2022/10/08 10:13,"7,700",漆器,鯖江市
和歌山県,和歌山市,46,男性,2022/10/08 10:15,500,その他,鯖江市
福井県,福井市,48,女性,2022/10/08 10:17,400,漆器,鯖江市
福井県,福井市,55,女性,2022/10/08 10:19,"1,000",その他,鯖江市
福井県,鯖江市,36,女性,2022/10/08 10:21,"8,800",飲食,鯖江市
福井県,福井市,38,女性,2022/10/08 10:22,300,打刃物,越前市
愛知県,岡崎市,23,女性,2022/10/08 10:22,"1,500",その他,鯖江市
福井県,福井市,48,女性,2022/10/08 10:23,"2,600",漆器,鯖江市
福井県,勝山市,37,女性,2022/10/08 10:23,"6,000",飲食,鯖江市
愛知県,春日井市,49,女性,2022/10/08 10:23,"2,090",打刃物,越前市
兵庫県,伊丹市,30,男性,2022/10/08 10:24,440,和紙,越前市
石川県,小松市,45,女性,2022/10/08 10:26,500,その他,鯖江市
福井県,福井市,33,男性,2022/10/08 10:29,320,飲食,鯖江市
大阪府,吹田市,42,男性,2022/10/08 10:30,"24,000",打刃物,越前市
神奈川県,横浜市,58,男性,2022/10/08 10:31,"1,925",その他,鯖江市
福井県,福井市,27,女性,2022/10/08 10:31,"12,000",飲食,鯖江市
福井県,鯖江市,71,女性,2022/10/08 10:31,"3,790",その他,鯖江市
福井県,福井市,47,男性,2022/10/08 10:32,"2,000",漆器,鯖江市
福井県,福井市,33,男性,2022/10/08 10:35,500,その他,鯖江市
福井県,鯖江市,60,男性,2022/10/08 10:35,"2,640",漆器,鯖江市
福井県,坂井市,47,女性,2022/10/08 10:36,320,飲食,鯖江市
岐阜県,大垣市,50,女性,2022/10/08 10:37,"4,000",漆器,鯖江市
福井県,越前市,45,男性,2022/10/08 10:37,"4,600",その他,鯖江市
福井県,福井市,44,男性,2022/10/08 10:38,"2,400",その他,鯖江市
福井県,大野市,32,男性,2022/10/08 10:39,"6,000",焼物,越前町
福井県,鯖江市,60,男性,2022/10/08 10:39,"14,200",漆器,鯖江市
滋賀県,甲賀市,25,女性,2022/10/08 10:39,500,その他,鯖江市
福井県,福井市,33,女性,2022/10/08 10:40,"3,050",飲食,鯖江市
福井県,大野市,26,男性,2022/10/08 10:42,"17,732",漆器,鯖江市
福井県,鯖江市,58,男性,2022/10/08 10:44,"1,500",その他,鯖江市
福井県,福井市,33,女性,2022/10/08 10:44,500,その他,鯖江市
福井県,鯖江市,31,女性,2022/10/08 10:45,"6,000",飲食,鯖江市
福井県,鯖江市,60,男性,2022/10/08 10:46,"23,695",漆器,鯖江市
東京都,杉並区,33,女性,2022/10/08 10:47,500,その他,鯖江市
愛知県,春日井市,49,女性,2022/10/08 10:47,"2,210",打刃物,越前市
福井県,鯖江市,60,女性,2022/10/08 10:49,"2,300",飲食,鯖江市
東京都,世田谷区,29,女性,2022/10/08 10:49,500,その他,鯖江市
群馬県,太田市,38,女性,2022/10/08 10:49,"1,000",眼鏡,鯖江市
愛知県,岡崎市,23,女性,2022/10/08 10:52,640,飲食,鯖江市
兵庫県,明石市,56,男性,2022/10/08 10:53,"4,300",飲食,鯖江市
福井県,越前市,45,男性,2022/10/08 10:54,"1,400",その他,鯖江市
福井県,鯖江市,60,男性,2022/10/08 10:55,400,漆器,鯖江市
福井県,坂井市,60,男性,2022/10/08 10:56,"1,000",その他,鯖江市
富山県,鯖江市,56,回答なし,2022/10/08 10:57,"39,600",眼鏡,鯖江市
福井県,大野市,47,男性,2022/10/08 10:57,"6,000",漆器,鯖江市
大阪府,堺市,36,男性,2022/10/08 10:58,"6,000",漆器,鯖江市
福井県,坂井市,47,女性,2022/10/08 10:58,"2,800",飲食,鯖江市
大阪府,大阪市,47,女性,2022/10/08 11:00,"3,000",漆器,鯖江市
三重県,松阪市,21,男性,2022/10/08 11:00,"5,786",その他,鯖江市
埼玉県,小川町,32,男性,2022/10/08 11:01,"3,620",漆器,鯖江市
福井県,福井市,21,女性,2022/10/08 11:01,500,その他,鯖江市
福井県,福井市,25,女性,2022/10/08 11:02,"8,400",漆器,鯖江市
神奈川県,横浜市,49,男性,2022/10/08 11:03,"4,000",漆器,鯖江市
福井県,福井市,52,女性,2022/10/08 11:03,"3,060",その他,鯖江市
東京都,狛江市,32,女性,2022/10/08 11:05,821,漆器,鯖江市
福井県,福井市,33,男性,2022/10/08 11:05,"3,600",飲食,鯖江市
福井県,坂井市,54,女性,2022/10/08 11:06,"4,000",焼物,越前町
福井県,鯖江市,60,女性,2022/10/08 11:07,"1,600",飲食,鯖江市
福井県,鯖江市,42,女性,2022/10/08 11:10,"6,000",飲食,鯖江市
福井県,福井市,38,女性,2022/10/08 11:11,"3,500",漆器,鯖江市
福井県,福井市,47,男性,2022/10/08 11:11,"2,200",眼鏡,鯖江市
福井県,鯖江市,60,女性,2022/10/08 11:12,400,飲食,鯖江市
福井県,福井市,32,男性,2022/10/08 11:13,960,飲食,鯖江市
東京都,武蔵野市,31,女性,2022/10/08 11:13,"5,060",その他,鯖江市
福井県,越前市,25,女性,2022/10/08 11:15,"1,000",飲食,鯖江市
東京都,武蔵野市,31,女性,2022/10/08 11:15,691,その他,鯖江市
滋賀県,湖南市,35,女性,2022/10/08 11:15,"2,000",その他,鯖江市
福井県,坂井市,47,女性,2022/10/08 11:18,"1,000",その他,鯖江市
愛知県,岡崎市,23,女性,2022/10/08 11:18,"1,100",漆器,鯖江市
福井県,越前市,48,女性,2022/10/08 11:19,"4,600",飲食,鯖江市
福井県,鯖江市,43,男性,2022/10/08 11:23,"2,000",その他,鯖江市
東京都,中央区,40,女性,2022/10/08 11:23,"1,800",打刃物,越前市
福井県,越前市,38,女性,2022/10/08 11:24,"2,900",漆器,鯖江市
福井県,福井市,52,女性,2022/10/08 11:24,"2,395",漆器,鯖江市
福井県,福井市,37,男性,2022/10/08 11:24,640,飲食,鯖江市
東京都,中央区,43,女性,2022/10/08 11:26,"3,800",打刃物,越前市
福井県,越前市,25,女性,2022/10/08 11:26,"2,800",飲食,鯖江市
群馬県,太田市,38,女性,2022/10/08 11:29,"3,500",漆器,鯖江市
福井県,福井市,57,女性,2022/10/08 11:29,"2,700",眼鏡,鯖江市
福井県,勝山市,44,男性,2022/10/08 11:31,900,飲食,鯖江市
滋賀県,彦根市,20,女性,2022/10/08 11:32,800,和紙,越前市
東京都,武蔵野市,31,女性,2022/10/08 11:32,300,飲食,鯖江市
福井県,福井市,41,女性,2022/10/08 11:33,"1,000",その他,鯖江市
石川県,金沢市,26,女性,2022/10/08 11:34,600,和紙,越前市
滋賀県,彦根市,21,女性,2022/10/08 11:34,"2,150",和紙,越前市
福井県,敦賀市,49,女性,2022/10/08 11:34,"2,200",漆器,鯖江市
群馬県,桐生市,25,女性,2022/10/08 11:36,"1,978",その他,鯖江市
福井県,鯖江市,58,男性,2022/10/08 11:38,"15,000",漆器,鯖江市
和歌山県,和歌山市,46,男性,2022/10/08 11:39,"2,592",漆器,鯖江市
東京都,墨田区,28,女性,2022/10/08 11:40,500,眼鏡,鯖江市
富山県,高岡市,69,男性,2022/10/08 11:41,500,飲食,鯖江市
兵庫県,川西市,35,男性,2022/10/08 11:41,"6,000",その他,鯖江市
大阪府,高石市,33,男性,2022/10/08 11:41,200,和紙,越前市
福井県,鯖江市,43,男性,2022/10/08 11:42,"1,200",飲食,鯖江市
愛知県,蒲郡市,23,女性,2022/10/08 11:43,"2,000",その他,鯖江市
静岡県,島田市,29,女性,2022/10/08 11:43,"1,650",漆器,鯖江市
兵庫県,明石市,56,男性,2022/10/08 11:45,"1,700",その他,鯖江市
福井県,坂井市,60,男性,2022/10/08 11:45,500,飲食,鯖江市
福井県,大野市,46,女性,2022/10/08 11:50,"2,900",漆器,鯖江市
福井県,福井市,33,女性,2022/10/08 11:50,"2,000",漆器,鯖江市
福井県,鯖江市,35,男性,2022/10/08 11:51,"1,980",その他,鯖江市
兵庫県,尼崎市,23,女性,2022/10/08 11:53,"18,000",眼鏡,鯖江市
福井県,福井市,41,女性,2022/10/08 11:54,"3,500",漆器,鯖江市
福井県,福井市,21,女性,2022/10/08 11:54,300,飲食,鯖江市
福井県,福井市,32,男性,2022/10/08 11:55,"5,900",飲食,鯖江市
福井県,福井市,32,女性,2022/10/08 11:57,"16,000",眼鏡,鯖江市
福井県,福井市,36,女性,2022/10/08 11:57,"6,000",漆器,鯖江市
福井県,福井市,32,女性,2022/10/08 11:58,"7,200",眼鏡,鯖江市
福井県,福井市,24,女性,2022/10/08 11:59,"6,000",飲食,鯖江市
福井県,福井市,48,男性,2022/10/08 12:01,"24,910",打刃物,越前市
福井県,福井市,38,女性,2022/10/08 12:04,200,漆器,鯖江市
東京都,中央区,40,女性,2022/10/08 12:04,550,その他,越前市
富山県,高岡市,69,男性,2022/10/08 12:06,"1,500",その他,鯖江市
富山県,鯖江市,56,回答なし,2022/10/08 12:07,"2,500",打刃物,越前市
福井県,坂井市,47,女性,2022/10/08 12:09,"1,000",その他,鯖江市
富山県,鯖江市,56,回答なし,2022/10/08 12:10,"41,900",打刃物,越前市
滋賀県,湖南市,35,女性,2022/10/08 12:10,"4,000",その他,鯖江市
神奈川県,鎌倉市,38,女性,2022/10/08 12:10,"6,000",漆器,鯖江市
静岡県,島田市,29,女性,2022/10/08 12:11,"1,188",その他,鯖江市
福井県,鯖江市,43,男性,2022/10/08 12:12,200,漆器,鯖江市
東京都,北区,33,女性,2022/10/08 12:12,640,飲食,鯖江市
福井県,坂井市,30,男性,2022/10/08 12:13,640,飲食,鯖江市
福井県,美浜町,31,男性,2022/10/08 12:13,"6,000",飲食,鯖江市
福井県,敦賀市,49,女性,2022/10/08 12:14,"3,800",漆器,鯖江市
奈良県,奈良市,30,男性,2022/10/08 12:14,500,その他,鯖江市
奈良県,奈良市,39,女性,2022/10/08 12:14,500,その他,鯖江市
福井県,鯖江市,25,女性,2022/10/08 12:15,"1,280",飲食,鯖江市
福井県,越前市,64,男性,2022/10/08 12:15,"1,584",漆器,鯖江市
福井県,鯖江市,43,男性,2022/10/08 12:16,500,飲食,鯖江市
東京都,八王子市,22,女性,2022/10/08 12:20,320,飲食,鯖江市
群馬県,太田市,38,女性,2022/10/08 12:20,400,漆器,鯖江市
福井県,福井市,25,女性,2022/10/08 12:22,"1,726",その他,鯖江市
福井県,越前市,64,男性,2022/10/08 12:27,972,漆器,鯖江市
愛知県,岡崎市,23,女性,2022/10/08 12:28,"2,530",その他,鯖江市
福井県,鯖江市,43,男性,2022/10/08 12:28,500,その他,鯖江市
福井県,鯖江市,35,男性,2022/10/08 12:29,470,その他,鯖江市
石川県,金沢市,23,女性,2022/10/08 12:30,320,飲食,鯖江市
福井県,福井市,21,女性,2022/10/08 12:30,500,その他,鯖江市
東京都,江東区,22,男性,2022/10/08 12:31,200,漆器,鯖江市
福井県,越前市,27,女性,2022/10/08 12:32,"1,400",飲食,鯖江市
福井県,鯖江市,55,女性,2022/10/08 12:33,"2,310",漆器,鯖江市
福井県,福井市,33,女性,2022/10/08 12:34,"1,137",眼鏡,鯖江市
東京都,品川区,50,女性,2022/10/08 12:35,"3,960",眼鏡,鯖江市
岐阜県,大垣市,50,女性,2022/10/08 12:35,"2,000",漆器,鯖江市
福井県,鯖江市,48,女性,2022/10/08 12:35,"1,610",その他,鯖江市
福井県,福井市,57,男性,2022/10/08 12:35,"2,000",その他,鯖江市
東京都,世田谷区,29,女性,2022/10/08 12:36,"3,800",繊維,鯖江市
福井県,越前市,64,男性,2022/10/08 12:38,"2,400",漆器,鯖江市
東京都,墨田区,28,女性,2022/10/08 12:38,320,飲食,鯖江市
福井県,鯖江市,39,男性,2022/10/08 12:40,960,飲食,鯖江市
福井県,福井市,32,男性,2022/10/08 12:40,"3,500",漆器,鯖江市
石川県,金沢市,29,女性,2022/10/08 12:40,"2,000",その他,鯖江市
東京都,調布市,60,女性,2022/10/08 12:41,"5,500",その他,鯖江市
福井県,福井市,32,女性,2022/10/08 12:42,"5,500",その他,鯖江市
福井県,坂井市,47,女性,2022/10/08 12:42,880,飲食,鯖江市
東京都,小金井市,22,女性,2022/10/08 12:43,"3,740",その他,鯖江市
東京都,江東区,22,男性,2022/10/08 12:43,"1,650",漆器,鯖江市
福井県,鯖江市,58,女性,2022/10/08 12:43,"1,000",その他,鯖江市
滋賀県,近江八幡市,37,男性,2022/10/08 12:44,500,その他,鯖江市
群馬県,太田市,38,女性,2022/10/08 12:45,"4,300",漆器,鯖江市
福井県,鯖江市,51,女性,2022/10/08 12:46,800,漆器,鯖江市
神奈川県,鎌倉市,21,女性,2022/10/08 12:46,"1,850",漆器,鯖江市
福井県,鯖江市,58,男性,2022/10/08 12:47,"4,191",飲食,鯖江市
兵庫県,明石市,39,男性,2022/10/08 12:47,"3,600",その他,鯖江市
福井県,福井市,33,男性,2022/10/08 12:48,"1,580",漆器,鯖江市
福井県,鯖江市,48,女性,2022/10/08 12:48,"2,073",その他,鯖江市
福井県,越前市,64,男性,2022/10/08 12:50,"1,044",漆器,鯖江市
福井県,鯖江市,25,女性,2022/10/08 12:50,"2,800",飲食,鯖江市
福井県,福井市,25,女性,2022/10/08 12:50,"1,700",箪笥,越前市
福井県,福井市,28,女性,2022/10/08 12:51,"1,400",飲食,鯖江市
愛知県,岡崎市,23,女性,2022/10/08 12:51,"6,230",漆器,鯖江市
京都府,大山崎町,33,女性,2022/10/08 12:51,"4,663",その他,鯖江市
滋賀県,甲賀市,25,女性,2022/10/08 12:51,"1,400",その他,鯖江市
大阪府,豊中市,55,男性,2022/10/08 12:52,"1,000",その他,鯖江市
福井県,福井市,38,女性,2022/10/08 12:59,"3,500",その他,鯖江市
福井県,福井市,47,男性,2022/10/08 13:00,"1,650",漆器,鯖江市
東京都,渋谷区,41,男性,2022/10/08 13:00,"1,000",その他,鯖江市
神奈川県,川崎市,24,男性,2022/10/08 13:00,320,飲食,鯖江市
岡山県,倉敷市,56,男性,2022/10/08 13:01,"2,000",漆器,鯖江市
兵庫県,神戸市,38,女性,2022/10/08 13:01,320,飲食,鯖江市
大阪府,吹田市,54,男性,2022/10/08 13:01,320,飲食,鯖江市
福井県,福井市,41,女性,2022/10/08 13:02,"8,750",飲食,鯖江市
山形県,山形市,19,女性,2022/10/08 13:04,"1,500",その他,鯖江市
福井県,大野市,46,女性,2022/10/08 13:04,"2,500",漆器,鯖江市
福井県,勝山市,44,男性,2022/10/08 13:04,600,飲食,鯖江市
福井県,若狭町,53,女性,2022/10/08 13:05,320,飲食,鯖江市
福井県,坂井市,31,男性,2022/10/08 13:08,"1,000",その他,鯖江市
石川県,金沢市,27,男性,2022/10/08 13:08,"31,680",眼鏡,鯖江市
石川県,金沢市,22,男性,2022/10/08 13:09,"23,100",眼鏡,鯖江市
福井県,福井市,47,男性,2022/10/08 13:10,"3,300",漆器,鯖江市
福井県,福井市,55,女性,2022/10/08 13:10,600,打刃物,越前市
福井県,鯖江市,27,女性,2022/10/08 13:10,"1,636",その他,鯖江市
福井県,福井市,30,男性,2022/10/08 13:11,"1,400",飲食,鯖江市
福井県,福井市,48,女性,2022/10/08 13:13,"3,000",漆器,鯖江市
富山県,富山市,24,女性,2022/10/08 13:14,"1,000",その他,鯖江市
福井県,福井市,30,男性,2022/10/08 13:15,320,飲食,鯖江市
福井県,福井市,47,男性,2022/10/08 13:18,"2,000",漆器,鯖江市
福井県,坂井市,60,男性,2022/10/08 13:18,"2,420",和紙,越前市
山形県,山形市,21,男性,2022/10/08 13:19,"1,650",漆器,鯖江市
福井県,越前市,57,男性,2022/10/08 13:20,"3,500",漆器,鯖江市
兵庫県,明石市,39,男性,2022/10/08 13:21,960,飲食,鯖江市
福井県,福井市,21,女性,2022/10/08 13:24,495,その他,鯖江市
福井県,鯖江市,39,男性,2022/10/08 13:24,"3,600",飲食,鯖江市
福井県,福井市,26,男性,2022/10/08 13:25,"2,200",眼鏡,鯖江市
岡山県,倉敷市,56,男性,2022/10/08 13:25,"4,000",漆器,鯖江市
福井県,鯖江市,26,女性,2022/10/08 13:26,"9,240",漆器,鯖江市
東京都,渋谷区,41,男性,2022/10/08 13:26,"1,000",その他,鯖江市
東京都,渋谷区,41,男性,2022/10/08 13:27,500,その他,鯖江市
兵庫県,西宮市,30,女性,2022/10/08 13:28,"11,704",漆器,鯖江市
神奈川県,横浜市,58,男性,2022/10/08 13:28,"1,100",和紙,越前市
福井県,越前市,22,男性,2022/10/08 13:29,"5,720",漆器,鯖江市
神奈川県,小田原市,29,女性,2022/10/08 13:30,"8,525",その他,鯖江市
福井県,福井市,25,女性,2022/10/08 13:31,820,箪笥,越前市
石川県,金沢市,26,女性,2022/10/08 13:32,200,和紙,越前市
静岡県,島田市,29,女性,2022/10/08 13:32,605,その他,鯖江市
福井県,鯖江市,37,女性,2022/10/08 13:32,"4,800",飲食,鯖江市
福井県,福井市,37,女性,2022/10/08 13:33,"7,700",漆器,鯖江市
福井県,福井市,26,男性,2022/10/08 13:35,400,漆器,鯖江市
富山県,氷見市,27,女性,2022/10/08 13:36,"1,650",和紙,越前市
福井県,越前市,57,男性,2022/10/08 13:38,800,漆器,鯖江市
福井県,おおい町,37,女性,2022/10/08 13:38,"1,000",その他,鯖江市
東京都,北区,33,女性,2022/10/08 13:38,"47,360",その他,鯖江市
福井県,福井市,52,男性,2022/10/08 13:39,500,その他,鯖江市
東京都,狛江市,32,女性,2022/10/08 13:39,"3,300",和紙,越前市
福井県,鯖江市,51,女性,2022/10/08 13:39,"1,000",その他,鯖江市
福井県,越前市,39,女性,2022/10/08 13:40,660,和紙,越前市
福井県,福井市,23,男性,2022/10/08 13:40,500,その他,鯖江市
福井県,福井市,57,女性,2022/10/08 13:40,"1,650",漆器,鯖江市
福井県,鯖江市,55,女性,2022/10/08 13:41,"1,650",漆器,鯖江市
佐賀県,有田町,33,男性,2022/10/08 13:41,900,和紙,越前市
東京都,墨田区,28,女性,2022/10/08 13:43,"4,000",漆器,鯖江市
大阪府,吹田市,54,男性,2022/10/08 13:44,"5,680",漆器,鯖江市
富山県,高岡市,69,男性,2022/10/08 13:45,"4,000",漆器,鯖江市
福井県,福井市,41,女性,2022/10/08 13:45,500,その他,鯖江市
福井県,坂井市,30,男性,2022/10/08 13:45,"1,000",その他,鯖江市
福井県,福井市,59,女性,2022/10/08 13:46,"12,000",打刃物,越前市
福井県,坂井市,50,男性,2022/10/08 13:50,320,飲食,鯖江市
福井県,大野市,46,女性,2022/10/08 13:50,400,漆器,鯖江市
福井県,福井市,37,男性,2022/10/08 13:50,640,飲食,鯖江市
富山県,氷見市,27,女性,2022/10/08 13:51,600,和紙,越前市
神奈川県,鎌倉市,31,女性,2022/10/08 13:54,"2,500",漆器,鯖江市
東京都,葛飾区,31,女性,2022/10/08 13:55,"1,600",繊維,越前市
福井県,鯖江市,55,女性,2022/10/08 13:58,"4,554",漆器,鯖江市
福井県,敦賀市,51,男性,2022/10/08 13:59,"9,218",漆器,鯖江市
福井県,福井市,57,女性,2022/10/08 14:00,"1,650",漆器,鯖江市
福井県,福井市,48,男性,2022/10/08 14:00,"3,600",飲食,鯖江市
福井県,福井市,41,女性,2022/10/08 14:01,"4,400",漆器,鯖江市
福井県,福井市,36,男性,2022/10/08 14:01,900,飲食,鯖江市
福井県,坂井市,60,男性,2022/10/08 14:03,"6,100",箪笥,越前市
佐賀県,有田町,33,男性,2022/10/08 14:03,"2,300",和紙,越前市
大阪府,豊中市,55,男性,2022/10/08 14:03,"11,000",打刃物,越前市
福井県,大野市,46,女性,2022/10/08 14:03,200,その他,鯖江市
石川県,金沢市,29,女性,2022/10/08 14:05,"2,970",その他,鯖江市
福井県,福井市,23,男性,2022/10/08 14:05,960,飲食,鯖江市
大阪府,大阪市東成区,31,女性,2022/10/08 14:07,"8,000",漆器,鯖江市
福井県,越前市,39,女性,2022/10/08 14:07,640,飲食,鯖江市
福井県,福井市,41,女性,2022/10/08 14:07,200,漆器,鯖江市
大阪府,枚方市,30,女性,2022/10/08 14:07,"4,000",漆器,鯖江市
福井県,敦賀市,50,女性,2022/10/08 14:08,500,その他,鯖江市
福井県,福井市,23,女性,2022/10/08 14:08,"3,950",飲食,鯖江市
大阪府,大阪市,31,男性,2022/10/08 14:08,"4,000",漆器,鯖江市
福井県,福井市,39,男性,2022/10/08 14:08,"1,000",その他,鯖江市
兵庫県,明石市,39,男性,2022/10/08 14:09,"3,960",漆器,鯖江市
三重県,菰野町,47,女性,2022/10/08 14:09,"1,500",その他,鯖江市
福井県,福井市,52,男性,2022/10/08 14:11,"1,000",その他,鯖江市
福井県,越前市,58,女性,2022/10/08 14:12,"3,800",漆器,鯖江市
福井県,鯖江市,23,女性,2022/10/08 14:13,"3,000",漆器,鯖江市
福井県,福井市,46,女性,2022/10/08 14:14,"3,900",漆器,鯖江市
福井県,敦賀市,51,男性,2022/10/08 14:14,"2,782",飲食,鯖江市
福井県,越前町,57,男性,2022/10/08 14:15,"5,940",漆器,鯖江市
福井県,大野市,26,男性,2022/10/08 14:15,"11,500",漆器,鯖江市
福井県,福井市,46,女性,2022/10/08 14:15,"1,700",漆器,鯖江市
大阪府,高石市,33,男性,2022/10/08 14:16,"1,400",漆器,鯖江市
東京都,杉並区,49,男性,2022/10/08 14:16,500,その他,鯖江市
福井県,福井市,36,男性,2022/10/08 14:17,"2,397",漆器,鯖江市
佐賀県,有田町,33,男性,2022/10/08 14:17,"1,600",和紙,越前市
福井県,坂井市,30,男性,2022/10/08 14:17,"2,250",飲食,鯖江市
福井県,福井市,41,女性,2022/10/08 14:18,"2,000",飲食,鯖江市
香川県,高松市,58,男性,2022/10/08 14:19,"1,500",和紙,越前市
兵庫県,神戸市,38,女性,2022/10/08 14:19,"1,620",漆器,鯖江市
奈良県,香芝市,54,男性,2022/10/08 14:19,500,和紙,越前市
奈良県,奈良市,38,女性,2022/10/08 14:19,"1,620",漆器,鯖江市
福井県,福井市,23,女性,2022/10/08 14:20,960,飲食,鯖江市
福井県,坂井市,30,男性,2022/10/08 14:20,500,飲食,鯖江市
福井県,福井市,21,女性,2022/10/08 14:21,850,飲食,鯖江市
大阪府,大阪市,47,女性,2022/10/08 14:21,"1,500",和紙,越前市
神奈川県,横浜市,58,男性,2022/10/08 14:22,330,和紙,越前市
福井県,鯖江市,61,男性,2022/10/08 14:24,"10,500",打刃物,越前市
福井県,越前市,41,男性,2022/10/08 14:25,"1,000",その他,鯖江市
福井県,坂井市,30,男性,2022/10/08 14:25,500,その他,鯖江市
福井県,鯖江市,59,女性,2022/10/08 14:26,"1,600",漆器,鯖江市
福井県,鯖江市,20,男性,2022/10/08 14:27,"6,710",その他,鯖江市
福井県,鯖江市,37,女性,2022/10/08 14:28,"5,550",漆器,鯖江市
東京都,江東区,22,男性,2022/10/08 14:28,"1,769",その他,鯖江市
福井県,鯖江市,23,女性,2022/10/08 14:28,320,飲食,鯖江市
福井県,鯖江市,37,女性,2022/10/08 14:29,"5,330",漆器,鯖江市
福井県,坂井市,30,男性,2022/10/08 14:29,960,飲食,鯖江市
神奈川県,藤沢市,30,女性,2022/10/08 14:31,320,飲食,鯖江市
福井県,坂井市,31,男性,2022/10/08 14:31,"1,000",和紙,越前市
神奈川県,横浜市,28,男性,2022/10/08 14:31,320,飲食,鯖江市
福井県,福井市,37,女性,2022/10/08 14:32,"4,300",その他,鯖江市
福井県,鯖江市,39,男性,2022/10/08 14:32,"7,400",漆器,鯖江市
福井県,福井市,38,女性,2022/10/08 14:32,"3,440",和紙,越前市
石川県,金沢市,22,男性,2022/10/08 14:32,500,その他,鯖江市
福井県,坂井市,28,女性,2022/10/08 14:33,"2,500",漆器,鯖江市
兵庫県,神戸市,45,女性,2022/10/08 14:34,"1,000",その他,鯖江市
福井県,福井市,28,女性,2022/10/08 14:34,"1,540",その他,鯖江市
福井県,大野市,26,男性,2022/10/08 14:35,"4,620",漆器,鯖江市
富山県,氷見市,27,女性,2022/10/08 14:35,"3,750",眼鏡,鯖江市
福井県,越前市,23,女性,2022/10/08 14:37,"1,500",その他,鯖江市
福井県,福井市,49,女性,2022/10/08 14:40,"5,170",その他,鯖江市
福井県,坂井市,55,女性,2022/10/08 14:40,"5,500",漆器,鯖江市
福井県,福井市,23,女性,2022/10/08 14:41,"1,500",その他,鯖江市
福井県,越前市,58,女性,2022/10/08 14:41,"2,200",漆器,鯖江市
福井県,越前市,57,男性,2022/10/08 14:42,"1,400",漆器,鯖江市
福井県,鯖江市,47,男性,2022/10/08 14:42,"5,720",漆器,鯖江市
福井県,鯖江市,57,女性,2022/10/08 14:43,"3,520",その他,鯖江市
神奈川県,藤沢市,30,女性,2022/10/08 14:43,500,その他,鯖江市
神奈川県,横浜市,28,男性,2022/10/08 14:43,500,その他,鯖江市
東京都,小金井市,26,女性,2022/10/08 14:43,500,その他,鯖江市
神奈川県,小田原市,29,女性,2022/10/08 14:45,"2,800",和紙,越前市
東京都,武蔵野市,31,女性,2022/10/08 14:45,500,和紙,越前市
福井県,福井市,30,男性,2022/10/08 14:46,"4,180",眼鏡,鯖江市
福井県,坂井市,55,女性,2022/10/08 14:48,500,漆器,鯖江市
静岡県,島田市,29,女性,2022/10/08 14:49,"1,650",和紙,越前市
兵庫県,明石市,39,男性,2022/10/08 14:50,600,和紙,越前市
大阪府,箕面市,31,男性,2022/10/08 14:50,500,その他,鯖江市
兵庫県,西宮市,26,男性,2022/10/08 14:50,"1,000",その他,鯖江市
石川県,金沢市,23,女性,2022/10/08 14:51,500,和紙,越前市
福井県,福井市,37,男性,2022/10/08 14:51,640,飲食,鯖江市
兵庫県,西宮市,30,女性,2022/10/08 14:52,"1,980",その他,鯖江市
福岡県,久留米市,48,女性,2022/10/08 14:52,500,その他,鯖江市
福井県,鯖江市,36,女性,2022/10/08 14:53,"3,200",焼物,越前町
熊本県,南関町,42,女性,2022/10/08 14:53,500,その他,鯖江市
福井県,鯖江市,39,男性,2022/10/08 14:53,640,飲食,鯖江市
福井県,福井市,35,男性,2022/10/08 14:55,"11,619",漆器,鯖江市
東京都,世田谷区,44,女性,2022/10/08 14:56,"11,127",漆器,鯖江市
福井県,越前市,39,女性,2022/10/08 14:56,"1,000",その他,鯖江市
福井県,鯖江市,37,女性,2022/10/08 14:57,"4,400",漆器,鯖江市
福井県,鯖江市,57,女性,2022/10/08 14:58,"2,300",その他,鯖江市
愛知県,愛西市,33,男性,2022/10/08 14:59,500,その他,鯖江市
愛知県,名古屋市,21,女性,2022/10/08 14:59,500,その他,鯖江市
東京都,渋谷区,39,男性,2022/10/08 14:59,"5,000",漆器,鯖江市
千葉県,我孫子市,39,男性,2022/10/08 14:59,320,飲食,鯖江市
東京都,江東区,22,男性,2022/10/08 14:59,"1,381",その他,鯖江市
静岡県,東伊豆町,22,女性,2022/10/08 15:00,"4,000",漆器,鯖江市
大阪府,八尾市,23,女性,2022/10/08 15:00,"2,200",漆器,鯖江市
岡山県,岡山市,23,女性,2022/10/08 15:01,"2,200",漆器,鯖江市
福井県,鯖江市,57,女性,2022/10/08 15:01,33,その他,鯖江市
神奈川県,横浜市,46,女性,2022/10/08 15:01,"5,000",漆器,鯖江市
福井県,福井市,38,女性,2022/10/08 15:02,"2,500",漆器,鯖江市
京都府,京都市,24,女性,2022/10/08 15:02,"2,200",漆器,鯖江市
福井県,福井市,28,女性,2022/10/08 15:02,"3,060",その他,鯖江市
群馬県,太田市,38,女性,2022/10/08 15:02,"1,650",漆器,鯖江市
京都府,京都市下京区,25,女性,2022/10/08 15:03,"2,200",漆器,鯖江市
兵庫県,豊岡市,23,男性,2022/10/08 15:03,"3,500",漆器,鯖江市
大阪府,大阪市,23,女性,2022/10/08 15:03,"2,500",漆器,鯖江市
大阪府,大阪市,23,女性,2022/10/08 15:04,"2,500",漆器,鯖江市
福井県,越前市,39,女性,2022/10/08 15:04,"5,000",和紙,越前市
東京都,世田谷区,32,女性,2022/10/08 15:04,"2,200",漆器,鯖江市
福井県,福井市,55,男性,2022/10/08 15:05,418,和紙,越前市
福井県,福井市,60,男性,2022/10/08 15:06,"2,000",和紙,越前市
佐賀県,有田町,33,男性,2022/10/08 15:08,"5,280",和紙,越前市
東京都,小金井市,26,女性,2022/10/08 15:10,"1,000",その他,鯖江市
福井県,福井市,38,男性,2022/10/08 15:12,"4,935",その他,鯖江市
愛知県,豊橋市,34,男性,2022/10/08 15:14,"1,500",その他,鯖江市
福井県,福井市,49,女性,2022/10/08 15:14,500,眼鏡,鯖江市
東京都,杉並区,33,女性,2022/10/08 15:19,"3,000",眼鏡,鯖江市
神奈川県,小田原市,29,女性,2022/10/08 15:19,"1,270",和紙,越前市
福井県,福井市,47,男性,2022/10/08 15:19,"1,650",漆器,鯖江市
愛知県,稲沢市,23,回答なし,2022/10/08 15:19,"4,000",その他,鯖江市
福井県,坂井市,26,女性,2022/10/08 15:19,"1,000",和紙,越前市
愛知県,豊橋市,34,男性,2022/10/08 15:19,"1,000",その他,鯖江市
福井県,鯖江市,55,女性,2022/10/08 15:20,"1,000",その他,鯖江市
福井県,福井市,55,女性,2022/10/08 15:20,"4,400",眼鏡,鯖江市
福井県,鯖江市,26,女性,2022/10/08 15:20,"21,500",打刃物,越前市
福井県,福井市,60,男性,2022/10/08 15:21,"3,895",和紙,越前市
福井県,越前市,41,男性,2022/10/08 15:22,"4,000",漆器,鯖江市
東京都,世田谷区,29,女性,2022/10/08 15:24,"1,400",和紙,越前市
石川県,金沢市,22,男性,2022/10/08 15:24,400,その他,鯖江市
兵庫県,洲本市,31,男性,2022/10/08 15:25,"2,000",その他,鯖江市
兵庫県,明石市,39,男性,2022/10/08 15:25,880,和紙,越前市
大阪府,大阪市,27,女性,2022/10/08 15:26,"6,000",その他,鯖江市
神奈川県,川崎市,24,女性,2022/10/08 15:27,"2,970",眼鏡,鯖江市
福井県,福井市,49,女性,2022/10/08 15:27,800,漆器,鯖江市
福井県,鯖江市,39,男性,2022/10/08 15:28,500,その他,鯖江市
福井県,福井市,32,男性,2022/10/08 15:28,"1,640",飲食,鯖江市
奈良県,香芝市,54,男性,2022/10/08 15:28,"5,500",打刃物,越前市
大阪府,豊中市,24,女性,2022/10/08 15:29,"6,000",その他,鯖江市
福井県,鯖江市,31,男性,2022/10/08 15:31,"6,000",漆器,鯖江市
大阪府,大阪市東成区,31,女性,2022/10/08 15:31,500,その他,鯖江市
群馬県,太田市,38,女性,2022/10/08 15:31,320,飲食,鯖江市
埼玉県,さいたま市,23,男性,2022/10/08 15:31,"2,640",その他,鯖江市
福井県,福井市,48,男性,2022/10/08 15:32,"4,000",漆器,鯖江市
福井県,福井市,60,男性,2022/10/08 15:32,"1,650",和紙,越前市
福井県,福井市,52,男性,2022/10/08 15:33,"4,500",眼鏡,鯖江市
東京都,品川区,50,女性,2022/10/08 15:34,"2,000",その他,鯖江市
兵庫県,神戸市,45,女性,2022/10/08 15:35,"1,800",その他,鯖江市
福井県,越前市,25,女性,2022/10/08 15:35,"1,100",和紙,越前市
福井県,鯖江市,32,男性,2022/10/08 15:36,"6,000",漆器,鯖江市
石川県,金沢市,26,女性,2022/10/08 15:37,886,和紙,越前市
東京都,品川区,50,女性,2022/10/08 15:37,40,その他,鯖江市
福井県,福井市,36,男性,2022/10/08 15:37,"5,980",打刃物,越前市
福井県,鯖江市,48,女性,2022/10/08 15:38,320,飲食,鯖江市
神奈川県,横浜市,58,男性,2022/10/08 15:38,260,漆器,越前市
福井県,坂井市,28,女性,2022/10/08 15:40,"1,000",繊維,越前市
福井県,おおい町,37,女性,2022/10/08 15:41,"3,300",その他,鯖江市
福井県,鯖江市,51,女性,2022/10/08 15:41,"4,200",和紙,越前市
福井県,福井市,38,女性,2022/10/08 15:43,"10,811",打刃物,越前市
福井県,敦賀市,50,女性,2022/10/08 15:43,"4,840",その他,鯖江市
愛知県,岡崎市,21,男性,2022/10/08 15:43,"2,000",漆器,鯖江市
福井県,福井市,21,女性,2022/10/08 15:44,"1,500",その他,鯖江市
奈良県,奈良市,38,女性,2022/10/08 15:45,500,その他,鯖江市
大阪府,八尾市,23,女性,2022/10/08 15:46,500,その他,鯖江市
岡山県,岡山市,23,女性,2022/10/08 15:47,500,その他,鯖江市
福井県,坂井市,55,女性,2022/10/08 15:47,"4,300",漆器,鯖江市
兵庫県,洲本市,31,男性,2022/10/08 15:49,500,その他,鯖江市
大阪府,箕面市,31,男性,2022/10/08 15:50,550,その他,鯖江市
東京都,狛江市,32,女性,2022/10/08 15:50,"1,000",その他,鯖江市
兵庫県,西宮市,26,男性,2022/10/08 15:50,550,その他,鯖江市
熊本県,南関町,42,女性,2022/10/08 15:50,"1,500",漆器,鯖江市
熊本県,南関町,35,女性,2022/10/08 15:51,"1,500",漆器,鯖江市
福井県,福井市,44,男性,2022/10/08 15:53,"3,300",その他,鯖江市
兵庫県,神戸市,45,女性,2022/10/08 15:53,"8,128",その他,鯖江市
福井県,敦賀市,26,女性,2022/10/08 15:54,"1,500",和紙,越前市
石川県,金沢市,29,女性,2022/10/08 15:54,500,その他,鯖江市
福井県,福井市,49,女性,2022/10/08 15:54,30,その他,鯖江市
福井県,越前市,48,男性,2022/10/08 15:55,"2,380",漆器,鯖江市
福井県,福井市,42,女性,2022/10/08 15:56,"1,000",飲食,鯖江市
福井県,福井市,55,男性,2022/10/08 15:56,"2,970",眼鏡,鯖江市
長野県,塩尻市,27,女性,2022/10/08 15:57,"4,000",和紙,越前市
兵庫県,神戸市,38,女性,2022/10/08 15:57,"4,060",漆器,鯖江市
福井県,福井市,60,男性,2022/10/08 15:57,500,その他,鯖江市
福井県,越前市,39,女性,2022/10/08 16:00,770,漆器,鯖江市
神奈川県,藤沢市,30,女性,2022/10/08 16:01,"5,180",漆器,鯖江市
福井県,福井市,49,女性,2022/10/08 16:01,500,その他,鯖江市
福井県,坂井市,28,女性,2022/10/08 16:01,"1,200",和紙,越前市
大阪府,吹田市,49,女性,2022/10/08 16:03,"2,156",漆器,鯖江市
富山県,富山市,24,女性,2022/10/08 16:03,"11,000",漆器,鯖江市
兵庫県,伊丹市,30,男性,2022/10/08 16:04,840,眼鏡,鯖江市
兵庫県,西宮市,26,男性,2022/10/08 16:04,"4,450",漆器,鯖江市
東京都,豊島区,48,男性,2022/10/08 16:04,"1,999",その他,鯖江市
大阪府,豊中市,51,女性,2022/10/08 16:05,"2,156",漆器,鯖江市
福井県,坂井市,26,女性,2022/10/08 16:06,"2,890",和紙,越前市
福井県,おおい町,37,女性,2022/10/08 16:06,"1,000",その他,鯖江市
京都府,京都市下京区,25,女性,2022/10/08 16:06,"3,800",漆器,鯖江市
宮城県,仙台市,30,女性,2022/10/08 16:07,500,その他,鯖江市
奈良県,奈良市,39,女性,2022/10/08 16:07,"2,100",漆器,鯖江市
京都府,京都市,24,女性,2022/10/08 16:08,"3,465",漆器,鯖江市
福井県,福井市,51,女性,2022/10/08 16:09,500,その他,鯖江市
大阪府,大阪市東成区,31,女性,2022/10/08 16:10,"6,930",漆器,鯖江市
神奈川県,鎌倉市,31,女性,2022/10/08 16:10,"2,200",眼鏡,鯖江市
東京都,町田市,24,女性,2022/10/08 16:12,"5,000",漆器,鯖江市
福井県,敦賀市,50,女性,2022/10/08 16:13,660,その他,鯖江市
和歌山県,和歌山市,46,男性,2022/10/08 16:14,"2,750",和紙,越前市
福井県,福井市,32,男性,2022/10/08 16:14,230,和紙,越前市
福井県,越前市,39,女性,2022/10/08 16:15,400,漆器,鯖江市
福井県,福井市,23,その他,2022/10/08 16:15,"5,500",漆器,鯖江市
大阪府,大阪市東成区,31,女性,2022/10/08 16:15,"1,500",その他,鯖江市
福井県,越前市,39,女性,2022/10/08 16:15,800,和紙,越前市
大阪府,大阪市,23,女性,2022/10/08 16:16,"2,500",漆器,鯖江市
神奈川県,横浜市,46,女性,2022/10/08 16:16,400,繊維,越前市
大阪府,大阪市,23,女性,2022/10/08 16:17,"2,500",漆器,鯖江市
福井県,福井市,38,女性,2022/10/08 16:17,"2,000",その他,鯖江市
愛知県,名古屋市,26,その他,2022/10/08 16:17,500,その他,鯖江市
福井県,坂井市,28,女性,2022/10/08 16:18,880,和紙,越前市
福井県,福井市,55,男性,2022/10/08 16:18,"2,612",眼鏡,鯖江市
福井県,坂井市,63,男性,2022/10/08 16:20,"2,140",漆器,鯖江市
三重県,熊野市,44,回答なし,2022/10/08 16:21,"2,000",漆器,鯖江市
福井県,敦賀市,26,女性,2022/10/08 16:21,"3,630",和紙,越前市
東京都,杉並区,49,男性,2022/10/08 16:22,"4,000",漆器,鯖江市
和歌山県,和歌山市,46,男性,2022/10/08 16:22,330,和紙,越前市
福井県,越前市,23,女性,2022/10/08 16:22,"4,500",漆器,鯖江市
福井県,敦賀市,23,女性,2022/10/08 16:23,"1,590",和紙,越前市
福井県,坂井市,63,男性,2022/10/08 16:24,500,その他,鯖江市
福井県,坂井市,31,男性,2022/10/08 16:26,"4,000",焼物,越前町
福井県,福井市,38,女性,2022/10/08 16:26,"1,100",その他,鯖江市
奈良県,生駒市,49,女性,2022/10/08 16:26,"3,844",漆器,鯖江市
奈良県,奈良市,39,女性,2022/10/08 16:27,"2,200",漆器,鯖江市
愛知県,蒲郡市,23,女性,2022/10/08 16:28,"3,520",その他,鯖江市
東京都,豊島区,48,男性,2022/10/08 16:28,"3,000",漆器,鯖江市
福井県,福井市,57,男性,2022/10/08 16:30,"1,500",和紙,越前市
大阪府,大阪市,23,女性,2022/10/08 16:30,"1,000",漆器,鯖江市
福井県,福井市,30,男性,2022/10/08 16:30,100,その他,鯖江市
福井県,福井市,32,男性,2022/10/08 16:31,500,その他,鯖江市
福井県,おおい町,37,女性,2022/10/08 16:32,700,飲食,鯖江市
福井県,敦賀市,26,女性,2022/10/08 16:33,590,和紙,越前市
福井県,敦賀市,23,女性,2022/10/08 16:34,590,和紙,越前市
福井県,福井市,66,男性,2022/10/08 16:35,"5,836",漆器,鯖江市
福井県,越前市,48,男性,2022/10/08 16:36,"2,322",その他,鯖江市
東京都,狛江市,32,女性,2022/10/08 16:37,559,その他,鯖江市
福井県,福井市,47,男性,2022/10/08 16:37,"2,156",漆器,鯖江市
静岡県,東伊豆町,22,女性,2022/10/08 16:37,"2,000",漆器,鯖江市
大阪府,豊中市,51,女性,2022/10/08 16:39,"1,430",漆器,鯖江市
愛知県,蒲郡市,23,女性,2022/10/08 16:40,"3,850",その他,鯖江市
神奈川県,横浜市,58,男性,2022/10/08 16:40,"1,385",漆器,鯖江市
愛知県,豊橋市,34,男性,2022/10/08 16:40,"1,650",漆器,鯖江市
福井県,福井市,34,男性,2022/10/08 16:41,"5,600",その他,鯖江市
東京都,杉並区,49,男性,2022/10/08 16:41,"1,500",漆器,鯖江市
大阪府,大阪市,47,女性,2022/10/08 16:42,"6,600",眼鏡,鯖江市
和歌山県,和歌山市,46,男性,2022/10/08 16:42,350,和紙,越前市
福井県,鯖江市,39,男性,2022/10/08 16:43,"1,000",その他,鯖江市
福井県,福井市,32,男性,2022/10/08 16:44,"5,170",その他,鯖江市
神奈川県,川崎市,38,女性,2022/10/08 16:45,"6,000",眼鏡,鯖江市
兵庫県,豊岡市,23,男性,2022/10/08 16:46,"2,900",漆器,鯖江市
福井県,福井市,49,女性,2022/10/08 16:46,"6,000",漆器,鯖江市
京都府,大山崎町,33,女性,2022/10/08 16:46,"1,337",その他,鯖江市
福井県,坂井市,28,女性,2022/10/08 16:47,420,和紙,越前市
京都府,京都市,24,女性,2022/10/08 16:48,335,漆器,鯖江市
福井県,鯖江市,45,女性,2022/10/08 16:48,"6,000",その他,鯖江市
京都府,大山崎町,34,男性,2022/10/08 16:48,"18,000",その他,鯖江市
福井県,越前市,39,女性,2022/10/08 16:49,810,その他,鯖江市
神奈川県,横浜市,46,女性,2022/10/08 16:51,770,和紙,越前市
東京都,世田谷区,32,女性,2022/10/08 16:52,"1,500",漆器,鯖江市
三重県,熊野市,44,回答なし,2022/10/08 16:53,"1,000",その他,鯖江市
福井県,越前市,39,女性,2022/10/08 16:55,"2,300",打刃物,越前市
群馬県,太田市,38,女性,2022/10/08 16:56,500,漆器,鯖江市
大阪府,箕面市,31,男性,2022/10/08 16:56,"2,000",その他,鯖江市
兵庫県,豊岡市,23,男性,2022/10/08 16:56,400,漆器,鯖江市
東京都,武蔵野市,31,女性,2022/10/08 16:57,"6,160",漆器,鯖江市
愛知県,愛西市,33,男性,2022/10/08 16:58,"5,500",その他,鯖江市
熊本県,南関町,42,女性,2022/10/08 17:00,"1,100",眼鏡,鯖江市
福井県,越前市,48,男性,2022/10/08 17:01,"1,289",漆器,鯖江市
福井県,鯖江市,38,男性,2022/10/08 17:03,"1,000",その他,鯖江市
愛知県,名古屋市,21,女性,2022/10/08 17:05,"2,915",その他,鯖江市
福井県,福井市,51,女性,2022/10/08 17:06,"4,340",その他,鯖江市
三重県,熊野市,44,回答なし,2022/10/08 17:08,"1,000",その他,鯖江市
和歌山県,和歌山市,46,男性,2022/10/08 17:08,"4,180",その他,鯖江市
神奈川県,小田原市,29,女性,2022/10/08 17:09,"6,165",漆器,鯖江市
大阪府,大阪市,23,女性,2022/10/08 17:11,"1,500",その他,鯖江市
富山県,高岡市,38,男性,2022/10/08 17:12,"36,000",その他,鯖江市
福井県,福井市,54,男性,2022/10/08 17:13,"1,900",和紙,越前市
石川県,金沢市,29,女性,2022/10/08 17:14,500,その他,鯖江市
福井県,坂井市,63,男性,2022/10/08 17:14,"3,360",漆器,鯖江市
福井県,敦賀市,35,男性,2022/10/08 17:16,"1,200",和紙,越前市
東京都,八王子市,22,女性,2022/10/08 17:18,"3,810",漆器,鯖江市
福井県,福井市,21,女性,2022/10/08 17:20,"4,960",漆器,鯖江市
和歌山県,和歌山市,46,男性,2022/10/08 17:21,"1,298",その他,鯖江市
大阪府,箕面市,31,男性,2022/10/08 17:23,"2,950",その他,鯖江市
東京都,世田谷区,32,女性,2022/10/08 17:24,500,眼鏡,鯖江市
神奈川県,鎌倉市,31,女性,2022/10/08 17:24,"1,300",その他,鯖江市
神奈川県,横浜市,49,男性,2022/10/08 17:27,"2,000",眼鏡,鯖江市
石川県,金沢市,26,女性,2022/10/08 17:28,"2,814",その他,鯖江市
東京都,杉並区,33,女性,2022/10/08 17:29,200,その他,鯖江市
愛知県,名古屋市,26,その他,2022/10/08 17:29,"5,500",その他,鯖江市
神奈川県,川崎市,24,女性,2022/10/08 17:30,700,その他,鯖江市
福井県,鯖江市,60,男性,2022/10/08 17:31,500,その他,鯖江市
大阪府,大阪市,47,女性,2022/10/08 17:32,900,眼鏡,鯖江市
石川県,金沢市,23,女性,2022/10/08 17:33,"2,640",その他,鯖江市
千葉県,船橋市,28,女性,2022/10/08 17:39,500,その他,鯖江市
東京都,調布市,60,女性,2022/10/08 17:40,"2,270",その他,鯖江市
奈良県,奈良市,38,女性,2022/10/08 17:45,"3,880",眼鏡,鯖江市
福井県,鯖江市,39,男性,2022/10/08 17:45,"3,860",その他,鯖江市
兵庫県,洲本市,31,男性,2022/10/08 17:45,"4,400",漆器,鯖江市
愛知県,稲沢市,23,回答なし,2022/10/08 17:46,"2,000",和紙,越前市
福井県,若狭町,53,女性,2022/10/08 17:47,"5,680",その他,鯖江市
石川県,金沢市,23,女性,2022/10/08 17:47,"1,760",その他,鯖江市
東京都,小金井市,22,女性,2022/10/08 17:51,"4,920",その他,鯖江市
奈良県,奈良市,42,男性,2022/10/08 17:53,"6,000",その他,鯖江市
石川県,金沢市,23,女性,2022/10/08 17:55,780,その他,鯖江市
福井県,福井市,51,女性,2022/10/08 17:56,"1,077",飲食,鯖江市
神奈川県,川崎市,24,男性,2022/10/08 17:57,"5,390",その他,鯖江市
奈良県,奈良市,30,男性,2022/10/08 18:01,"4,500",その他,鯖江市
兵庫県,洲本市,31,男性,2022/10/08 18:02,"1,500",その他,鯖江市
静岡県,島田市,29,女性,2022/10/08 18:08,759,飲食,鯖江市
東京都,文京区,54,回答なし,2022/10/08 18:12,"18,000",焼物,越前町
東京都,世田谷区,29,女性,2022/10/08 18:23,300,その他,鯖江市
東京都,武蔵野市,31,女性,2022/10/08 18:27,600,飲食,鯖江市
滋賀県,近江八幡市,37,男性,2022/10/08 18:51,"1,500",その他,鯖江市
愛知県,岡崎市,21,男性,2022/10/08 19:10,"4,000",眼鏡,鯖江市
愛知県,名古屋市,21,女性,2022/10/08 19:35,"2,585",飲食,鯖江市
熊本県,南関町,42,女性,2022/10/09 9:01,"1,000",眼鏡,鯖江市
福井県,鯖江市,26,女性,2022/10/09 9:48,"5,260",打刃物,越前市
福岡県,福岡市,30,女性,2022/10/09 9:48,"1,000",その他,鯖江市
東京都,府中市,29,回答なし,2022/10/09 9:52,"1,500",眼鏡,鯖江市
富山県,砺波市,40,男性,2022/10/09 9:57,500,和紙,越前市
福井県,福井市,29,女性,2022/10/09 9:58,"4,400",漆器,鯖江市
愛知県,名古屋市,31,男性,2022/10/09 9:59,300,打刃物,越前市
愛知県,名古屋市,27,女性,2022/10/09 10:00,300,打刃物,越前市
福井県,福井市,45,女性,2022/10/09 10:02,"1,000",その他,鯖江市
福井県,越前市,31,女性,2022/10/09 10:05,"2,500",漆器,鯖江市
愛知県,日進市,56,女性,2022/10/09 10:06,"3,930",飲食,鯖江市
福井県,越前市,56,女性,2022/10/09 10:07,"3,500",漆器,鯖江市
埼玉県,さいたま市,23,男性,2022/10/09 10:07,"1,500",漆器,鯖江市
宮城県,仙台市,30,女性,2022/10/09 10:07,"2,000",和紙,越前市
兵庫県,西宮市,30,女性,2022/10/09 10:09,"33,000",打刃物,越前市
宮城県,仙台市,30,女性,2022/10/09 10:09,800,和紙,越前市
大阪府,大阪市東成区,31,女性,2022/10/09 10:14,"1,000",和紙,越前市
福井県,越前市,42,女性,2022/10/09 10:15,"2,100",和紙,越前市
大阪府,枚方市,30,女性,2022/10/09 10:15,500,和紙,越前市
大阪府,大阪市,31,男性,2022/10/09 10:15,500,和紙,越前市
福井県,鯖江市,27,女性,2022/10/09 10:18,500,その他,鯖江市
東京都,武蔵野市,31,女性,2022/10/09 10:20,500,その他,鯖江市
福井県,坂井市,53,女性,2022/10/09 10:21,"1,000",その他,鯖江市
福井県,福井市,38,男性,2022/10/09 10:21,"1,000",その他,鯖江市
愛知県,小牧市,52,女性,2022/10/09 10:22,"5,000",飲食,鯖江市
福井県,越前町,47,男性,2022/10/09 10:23,"6,000",その他,越前町
福井県,越前市,47,女性,2022/10/09 10:25,900,飲食,鯖江市
福井県,福井市,39,女性,2022/10/09 10:26,550,その他,鯖江市
福井県,越前市,54,女性,2022/10/09 10:26,500,その他,鯖江市
福井県,越前市,54,女性,2022/10/09 10:27,500,その他,鯖江市
福井県,越前市,47,男性,2022/10/09 10:27,500,その他,鯖江市
福井県,南越前町,52,女性,2022/10/09 10:27,500,その他,鯖江市
福井県,福井市,55,女性,2022/10/09 10:28,500,その他,鯖江市
三重県,熊野市,44,回答なし,2022/10/09 10:28,350,和紙,越前市
福井県,あわら市,57,男性,2022/10/09 10:29,"3,960",漆器,鯖江市
福井県,福井市,34,女性,2022/10/09 10:29,"2,860",箪笥,越前市
福井県,坂井市,49,男性,2022/10/09 10:32,"24,000",打刃物,越前市
東京都,小金井市,26,女性,2022/10/09 10:32,"2,000",その他,鯖江市
山形県,山形市,21,男性,2022/10/09 10:32,"4,970",漆器,鯖江市
福井県,越前市,41,男性,2022/10/09 10:36,500,その他,鯖江市
福井県,鯖江市,49,女性,2022/10/09 10:37,"1,000",飲食,鯖江市
愛知県,名古屋市,31,男性,2022/10/09 10:37,"1,000",焼物,越前町
愛知県,名古屋市,27,女性,2022/10/09 10:37,"1,000",焼物,越前町
石川県,中能登町,28,女性,2022/10/09 10:38,"3,500",漆器,鯖江市
福井県,鯖江市,27,女性,2022/10/09 10:39,"5,000",飲食,鯖江市
三重県,菰野町,39,女性,2022/10/09 10:39,"1,800",和紙,越前市
愛知県,岩倉市,30,女性,2022/10/09 10:41,"3,240",漆器,鯖江市
福井県,福井市,67,女性,2022/10/09 10:41,"6,000",その他,鯖江市
福井県,福井市,43,女性,2022/10/09 10:44,900,飲食,鯖江市
三重県,四日市市,61,女性,2022/10/09 10:44,"1,800",和紙,越前市
福井県,大野市,52,男性,2022/10/09 10:46,"6,000",漆器,鯖江市
三重県,菰野町,39,女性,2022/10/09 10:46,"1,800",和紙,越前市
福井県,福井市,44,男性,2022/10/09 10:46,500,飲食,鯖江市
福井県,福井市,26,男性,2022/10/09 10:47,"29,780",漆器,鯖江市
福井県,福井市,49,男性,2022/10/09 10:48,"3,300",漆器,鯖江市
福井県,福井市,34,女性,2022/10/09 10:48,"3,650",飲食,鯖江市
福井県,福井市,44,男性,2022/10/09 10:48,500,飲食,鯖江市
大阪府,大阪市,31,男性,2022/10/09 10:49,"1,500",和紙,越前市
石川県,金沢市,28,回答なし,2022/10/09 10:50,"5,850",飲食,鯖江市
大阪府,大阪市東成区,31,女性,2022/10/09 10:51,"1,980",和紙,越前市
千葉県,船橋市,28,女性,2022/10/09 10:51,"3,000",和紙,越前市
兵庫県,神戸市,45,女性,2022/10/09 10:53,500,眼鏡,鯖江市
兵庫県,洲本市,31,男性,2022/10/09 10:53,"3,272",その他,鯖江市
愛知県,小牧市,52,女性,2022/10/09 10:53,"7,000",漆器,鯖江市
三重県,菰野町,37,男性,2022/10/09 10:53,"5,940",眼鏡,鯖江市
福井県,越前市,37,男性,2022/10/09 10:55,"3,960",眼鏡,鯖江市
熊本県,南関町,35,女性,2022/10/09 10:55,"1,878",眼鏡,鯖江市
福井県,福井市,38,男性,2022/10/09 10:55,"8,000",漆器,鯖江市
福井県,福井市,37,男性,2022/10/09 10:56,500,飲食,鯖江市
福井県,永平寺町,31,男性,2022/10/09 10:57,"2,800",飲食,鯖江市
福井県,越前市,27,女性,2022/10/09 10:58,"6,000",漆器,鯖江市
福井県,鯖江市,60,女性,2022/10/09 10:58,"1,850",飲食,鯖江市
神奈川県,鎌倉市,31,女性,2022/10/09 10:58,"6,000",漆器,鯖江市
大阪府,吹田市,49,女性,2022/10/09 10:59,615,眼鏡,鯖江市
石川県,金沢市,40,女性,2022/10/09 10:59,"36,000",漆器,鯖江市
大阪府,豊中市,51,女性,2022/10/09 11:00,"1,200",眼鏡,鯖江市
福井県,福井市,30,女性,2022/10/09 11:00,500,飲食,鯖江市
大阪府,枚方市,55,男性,2022/10/09 11:01,"4,000",漆器,鯖江市
福井県,南越前町,52,女性,2022/10/09 11:01,750,飲食,鯖江市
三重県,四日市市,61,女性,2022/10/09 11:04,"1,100",和紙,越前市
秋田県,横手市,24,男性,2022/10/09 11:04,"6,000",その他,鯖江市
福井県,敦賀市,23,女性,2022/10/09 11:04,"2,000",漆器,鯖江市
福井県,敦賀市,26,女性,2022/10/09 11:04,"2,000",漆器,鯖江市
愛知県,安城市,55,女性,2022/10/09 11:04,"8,000",その他,鯖江市
三重県,菰野町,39,女性,2022/10/09 11:05,900,和紙,越前市
福井県,鯖江市,24,女性,2022/10/09 11:07,"6,000",飲食,鯖江市
福井県,福井市,26,男性,2022/10/09 11:07,200,漆器,鯖江市
福井県,福井市,55,男性,2022/10/09 11:09,"1,500",その他,鯖江市
滋賀県,大津市,46,女性,2022/10/09 11:10,500,その他,鯖江市
三重県,菰野町,39,女性,2022/10/09 11:12,"1,650",和紙,越前市
福井県,越前市,25,女性,2022/10/09 11:13,400,漆器,鯖江市
福井県,越前市,49,女性,2022/10/09 11:14,"5,850",飲食,鯖江市
福井県,福井市,44,男性,2022/10/09 11:14,"1,358",その他,鯖江市
福井県,鯖江市,28,女性,2022/10/09 11:15,"8,862",その他,鯖江市
熊本県,南関町,42,女性,2022/10/09 11:19,"1,900",眼鏡,鯖江市
愛知県,名古屋市,59,女性,2022/10/09 11:19,"2,900",眼鏡,鯖江市
福井県,鯖江市,21,女性,2022/10/09 11:19,"1,500",その他,鯖江市
福井県,越前市,49,男性,2022/10/09 11:20,"8,800",漆器,鯖江市
福岡県,久留米市,48,女性,2022/10/09 11:21,"3,000",和紙,越前市
神奈川県,川崎市,24,男性,2022/10/09 11:23,"5,500",和紙,越前市
福井県,鯖江市,28,女性,2022/10/09 11:25,"12,000",漆器,鯖江市
福井県,越前市,31,女性,2022/10/09 11:25,"2,600",漆器,鯖江市
福井県,福井市,34,女性,2022/10/09 11:27,500,飲食,鯖江市
福岡県,福岡市,30,女性,2022/10/09 11:28,"11,000",漆器,鯖江市
福井県,越前市,47,男性,2022/10/09 11:28,"1,600",和紙,越前市
福井県,福井市,49,男性,2022/10/09 11:29,"107,300",漆器,鯖江市
愛知県,名古屋市,26,その他,2022/10/09 11:29,"1,800",和紙,越前市
東京都,葛飾区,31,女性,2022/10/09 11:30,"2,700",和紙,越前市
福井県,坂井市,53,女性,2022/10/09 11:30,"5,000",漆器,鯖江市
福井県,鯖江市,58,女性,2022/10/09 11:31,"9,108",漆器,鯖江市
福井県,福井市,49,女性,2022/10/09 11:31,"5,100",眼鏡,鯖江市
福井県,福井市,42,女性,2022/10/09 11:32,500,飲食,鯖江市
福井県,福井市,41,女性,2022/10/09 11:32,"4,560",和紙,越前市
福井県,福井市,23,女性,2022/10/09 11:32,"4,800",漆器,鯖江市
福井県,越前市,37,男性,2022/10/09 11:33,"1,000",眼鏡,鯖江市
石川県,金沢市,20,女性,2022/10/09 11:33,"5,820",飲食,鯖江市
福井県,鯖江市,25,女性,2022/10/09 11:34,600,漆器,鯖江市
福井県,越前市,31,女性,2022/10/09 11:37,"1,800",飲食,鯖江市
東京都,葛飾区,31,女性,2022/10/09 11:39,"1,800",和紙,越前市
福井県,越前市,54,女性,2022/10/09 11:40,900,漆器,鯖江市
大阪府,大阪市,23,女性,2022/10/09 11:41,"5,500",飲食,鯖江市
大阪府,大阪市東成区,31,女性,2022/10/09 11:41,300,和紙,越前市
三重県,菰野町,39,女性,2022/10/09 11:42,"1,500",その他,鯖江市
福井県,福井市,49,男性,2022/10/09 11:42,600,飲食,鯖江市
三重県,四日市市,61,女性,2022/10/09 11:42,"1,500",その他,鯖江市
福井県,福井市,49,男性,2022/10/09 11:42,300,飲食,鯖江市
福井県,越前市,54,女性,2022/10/09 11:42,"2,000",漆器,鯖江市
福井県,鯖江市,25,女性,2022/10/09 11:42,100,漆器,鯖江市
三重県,菰野町,39,女性,2022/10/09 11:43,"2,000",その他,鯖江市
滋賀県,大津市,46,女性,2022/10/09 11:43,"11,500",漆器,鯖江市
福井県,福井市,48,男性,2022/10/09 11:44,"3,500",漆器,鯖江市
東京都,文京区,30,女性,2022/10/09 11:44,"24,000",眼鏡,鯖江市
福井県,福井市,26,女性,2022/10/09 11:44,500,その他,鯖江市
福井県,勝山市,44,男性,2022/10/09 11:44,"1,500",飲食,鯖江市
三重県,菰野町,39,女性,2022/10/09 11:45,500,その他,鯖江市
三重県,四日市市,61,女性,2022/10/09 11:45,500,その他,鯖江市
三重県,菰野町,39,女性,2022/10/09 11:45,500,その他,鯖江市
山形県,山形市,21,男性,2022/10/09 11:45,"3,680",漆器,鯖江市
石川県,小松市,45,女性,2022/10/09 11:47,200,漆器,鯖江市
岐阜県,各務原市,22,男性,2022/10/09 11:48,500,その他,鯖江市
福井県,福井市,58,男性,2022/10/09 11:49,"1,700",漆器,鯖江市
福井県,福井市,32,回答なし,2022/10/09 11:49,500,その他,鯖江市
福井県,鯖江市,48,男性,2022/10/09 11:51,"7,700",眼鏡,鯖江市
福井県,越前市,47,男性,2022/10/09 11:52,"2,420",打刃物,越前市
愛知県,岩倉市,30,女性,2022/10/09 11:52,750,飲食,鯖江市
兵庫県,神戸市,45,女性,2022/10/09 11:53,572,眼鏡,鯖江市
福井県,越前市,49,男性,2022/10/09 11:53,"1,650",和紙,越前市
福井県,福井市,40,男性,2022/10/09 11:53,"6,000",焼物,越前町
福井県,鯖江市,38,男性,2022/10/09 11:53,"1,700",飲食,鯖江市
宮城県,仙台市,30,女性,2022/10/09 11:53,"1,700",漆器,鯖江市
福井県,福井市,42,女性,2022/10/09 11:54,"1,359",その他,鯖江市
愛知県,長久手市,47,女性,2022/10/09 11:54,900,飲食,鯖江市
三重県,熊野市,44,回答なし,2022/10/09 11:55,"7,650",和紙,越前市
福井県,越前市,39,女性,2022/10/09 11:55,"1,900",飲食,鯖江市
福井県,坂井市,57,女性,2022/10/09 11:56,"4,840",漆器,鯖江市
東京都,渋谷区,36,女性,2022/10/09 11:56,"19,800",その他,鯖江市
福井県,鯖江市,49,女性,2022/10/09 11:57,"5,000",漆器,鯖江市
福井県,坂井市,52,女性,2022/10/09 11:57,"3,000",その他,鯖江市
奈良県,奈良市,39,女性,2022/10/09 11:58,"1,200",和紙,越前市
大阪府,吹田市,49,女性,2022/10/09 11:58,"1,500",眼鏡,鯖江市
福井県,越前市,48,女性,2022/10/09 11:58,"6,000",漆器,鯖江市
大阪府,豊中市,51,女性,2022/10/09 11:58,600,眼鏡,鯖江市
福井県,鯖江市,27,女性,2022/10/09 11:58,500,飲食,鯖江市
東京都,葛飾区,31,女性,2022/10/09 11:58,"30,000",眼鏡,鯖江市
福井県,南越前町,52,女性,2022/10/09 11:59,300,和紙,越前市
福井県,福井市,21,女性,2022/10/09 11:59,"2,600",漆器,鯖江市
福井県,坂井市,57,女性,2022/10/09 11:59,550,漆器,鯖江市
愛知県,岩倉市,30,女性,2022/10/09 12:00,600,飲食,鯖江市
福井県,永平寺町,55,女性,2022/10/09 12:01,"1,400",飲食,鯖江市
福井県,鯖江市,37,女性,2022/10/09 12:02,"9,920",眼鏡,鯖江市
福井県,福井市,58,男性,2022/10/09 12:02,"4,000",漆器,鯖江市
福井県,越前市,54,女性,2022/10/09 12:04,864,その他,鯖江市
福井県,越前市,54,女性,2022/10/09 12:05,"2,808",その他,鯖江市
福井県,あわら市,51,回答なし,2022/10/09 12:07,"13,915",その他,鯖江市
福井県,福井市,25,女性,2022/10/09 12:07,"3,750",飲食,鯖江市
福井県,福井市,49,女性,2022/10/09 12:09,900,眼鏡,鯖江市
大阪府,枚方市,55,男性,2022/10/09 12:09,"6,450",漆器,鯖江市
愛知県,名古屋市,31,男性,2022/10/09 12:09,"3,740",打刃物,越前市
愛知県,長久手市,47,女性,2022/10/09 12:09,"1,155",その他,鯖江市
福井県,福井市,28,女性,2022/10/09 12:11,"5,350",飲食,鯖江市
福井県,越前市,54,女性,2022/10/09 12:12,750,飲食,鯖江市
福井県,福井市,58,男性,2022/10/09 12:15,300,漆器,鯖江市
福井県,越前市,50,女性,2022/10/09 12:16,"6,000",飲食,鯖江市
福井県,鯖江市,58,女性,2022/10/09 12:16,"1,350",飲食,鯖江市
福井県,福井市,23,その他,2022/10/09 12:17,"1,540",和紙,越前市
福井県,福井市,23,女性,2022/10/09 12:17,790,漆器,鯖江市
福井県,福井市,42,女性,2022/10/09 12:18,"1,000",眼鏡,鯖江市
千葉県,我孫子市,39,男性,2022/10/09 12:18,"1,720",漆器,鯖江市
福井県,鯖江市,29,男性,2022/10/09 12:18,"1,540",その他,鯖江市
石川県,小松市,45,女性,2022/10/09 12:22,"4,400",漆器,鯖江市
福井県,坂井市,52,女性,2022/10/09 12:22,950,飲食,鯖江市
大阪府,枚方市,55,男性,2022/10/09 12:22,"6,050",漆器,鯖江市
福井県,福井市,36,男性,2022/10/09 12:25,500,その他,鯖江市
岐阜県,郡上市,43,男性,2022/10/09 12:26,"2,500",漆器,鯖江市
福井県,鯖江市,23,女性,2022/10/09 12:27,"2,504",その他,鯖江市
奈良県,奈良市,30,男性,2022/10/09 12:27,"1,000",和紙,越前市
福井県,福井市,41,男性,2022/10/09 12:27,400,漆器,鯖江市
福井県,鯖江市,53,女性,2022/10/09 12:28,"6,000",漆器,鯖江市
福井県,鯖江市,25,女性,2022/10/09 12:29,"1,220",その他,鯖江市
大阪府,八尾市,36,男性,2022/10/09 12:29,"4,620",漆器,鯖江市
福井県,福井市,55,男性,2022/10/09 12:30,900,飲食,鯖江市
兵庫県,洲本市,31,男性,2022/10/09 12:30,"4,180",眼鏡,鯖江市
大阪府,枚方市,30,女性,2022/10/09 12:35,500,その他,鯖江市
福井県,勝山市,51,女性,2022/10/09 12:35,500,その他,鯖江市
福井県,福井市,48,男性,2022/10/09 12:35,400,漆器,鯖江市
福井県,敦賀市,23,女性,2022/10/09 12:37,"6,400",漆器,鯖江市
福井県,福井市,35,男性,2022/10/09 12:37,"1,000",その他,鯖江市
福井県,福井市,32,回答なし,2022/10/09 12:38,"5,000",その他,鯖江市
福井県,福井市,21,女性,2022/10/09 12:38,"3,400",漆器,鯖江市
東京都,町田市,24,女性,2022/10/09 12:39,"1,000",和紙,越前市
福井県,敦賀市,23,女性,2022/10/09 12:39,400,漆器,鯖江市
福井県,敦賀市,26,女性,2022/10/09 12:39,400,漆器,鯖江市
福井県,福井市,48,男性,2022/10/09 12:40,400,漆器,鯖江市
福井県,鯖江市,37,女性,2022/10/09 12:40,"5,319",その他,鯖江市
熊本県,南関町,35,女性,2022/10/09 12:41,"2,000",眼鏡,鯖江市
大阪府,大阪市東成区,31,女性,2022/10/09 12:41,"1,000",その他,鯖江市
福井県,福井市,38,男性,2022/10/09 12:41,600,漆器,鯖江市
福井県,越前市,23,女性,2022/10/09 12:42,"7,030",飲食,鯖江市
福井県,小浜市,53,女性,2022/10/09 12:42,"1,000",その他,鯖江市
福井県,福井市,50,女性,2022/10/09 12:42,"1,081",その他,鯖江市
福井県,福井市,49,女性,2022/10/09 12:43,500,その他,鯖江市
福井県,福井市,34,女性,2022/10/09 12:43,500,その他,鯖江市
福井県,福井市,25,女性,2022/10/09 12:43,"1,000",その他,鯖江市
福井県,越前市,39,女性,2022/10/09 12:43,"1,650",漆器,鯖江市
福井県,福井市,28,女性,2022/10/09 12:44,600,漆器,鯖江市
茨城県,ひたちなか市,22,男性,2022/10/09 12:44,350,飲食,鯖江市
福井県,越前市,41,男性,2022/10/09 12:45,"2,750",漆器,鯖江市
東京都,武蔵野市,31,女性,2022/10/09 12:45,55,漆器,鯖江市
福井県,福井市,55,女性,2022/10/09 12:45,"4,180",その他,鯖江市
大阪府,大阪市,23,女性,2022/10/09 12:46,500,その他,鯖江市
兵庫県,豊岡市,23,男性,2022/10/09 12:47,500,その他,鯖江市
福井県,福井市,36,男性,2022/10/09 12:47,"3,900",漆器,鯖江市
福井県,福井市,50,女性,2022/10/09 12:48,350,飲食,鯖江市
福井県,福井市,37,男性,2022/10/09 12:48,"20,240",漆器,鯖江市
福井県,鯖江市,29,男性,2022/10/09 12:49,"2,200",漆器,鯖江市
大阪府,大阪市,36,男性,2022/10/09 12:49,"6,000",漆器,鯖江市
岐阜県,郡上市,43,男性,2022/10/09 12:50,"4,800",漆器,鯖江市
三重県,四日市市,61,女性,2022/10/09 12:50,"4,312",漆器,鯖江市
福井県,坂井市,52,女性,2022/10/09 12:50,"1,500",漆器,鯖江市
東京都,世田谷区,44,女性,2022/10/09 12:50,873,和紙,越前市
福井県,大野市,26,男性,2022/10/09 12:51,"2,148",漆器,鯖江市
福井県,坂井市,53,女性,2022/10/09 12:52,"2,000",その他,鯖江市
福井県,福井市,37,男性,2022/10/09 12:52,"1,200",飲食,鯖江市
福井県,坂井市,52,女性,2022/10/09 12:53,550,漆器,鯖江市
福井県,鯖江市,37,女性,2022/10/09 12:53,350,飲食,鯖江市
福井県,福井市,34,女性,2022/10/09 12:53,160,箪笥,越前市
福井県,鯖江市,50,女性,2022/10/09 12:54,500,その他,鯖江市
愛知県,豊橋市,34,男性,2022/10/09 12:56,"1,690",和紙,越前市
福井県,福井市,28,女性,2022/10/09 12:58,50,その他,鯖江市
埼玉県,さいたま市,23,男性,2022/10/09 12:58,500,その他,鯖江市
愛知県,豊橋市,34,男性,2022/10/09 12:58,160,和紙,越前市
福井県,福井市,50,女性,2022/10/09 12:58,200,漆器,鯖江市
福井県,鯖江市,55,女性,2022/10/09 12:59,"2,486",眼鏡,鯖江市
福井県,福井市,30,女性,2022/10/09 12:59,"1,500",漆器,鯖江市
愛知県,小牧市,52,女性,2022/10/09 13:00,500,漆器,鯖江市
福井県,福井市,49,男性,2022/10/09 13:01,"17,540",その他,越前町
福井県,福井市,36,男性,2022/10/09 13:01,400,漆器,鯖江市
福井県,福井市,26,男性,2022/10/09 13:01,"4,000",その他,鯖江市
愛知県,名古屋市,31,男性,2022/10/09 13:01,"2,200",漆器,鯖江市
愛知県,名古屋市,27,女性,2022/10/09 13:01,"2,200",漆器,鯖江市
福井県,福井市,50,女性,2022/10/09 13:02,"16,100",漆器,鯖江市
愛知県,岩倉市,30,女性,2022/10/09 13:03,600,打刃物,越前市
福井県,福井市,39,男性,2022/10/09 13:05,"1,900",その他,鯖江市
福井県,福井市,23,その他,2022/10/09 13:07,"9,350",その他,鯖江市
福井県,福井市,50,女性,2022/10/09 13:08,269,漆器,鯖江市
愛知県,名古屋市,26,その他,2022/10/09 13:08,"1,500",和紙,越前市
福井県,鯖江市,48,男性,2022/10/09 13:09,600,眼鏡,鯖江市
石川県,中能登町,54,女性,2022/10/09 13:11,400,飲食,鯖江市
福井県,永平寺町,42,女性,2022/10/09 13:12,"6,000",飲食,鯖江市
福井県,あわら市,57,男性,2022/10/09 13:13,"2,000",焼物,越前町
福井県,福井市,26,男性,2022/10/09 13:14,"1,000",その他,鯖江市
福井県,あわら市,51,回答なし,2022/10/09 13:15,770,漆器,鯖江市
福井県,鯖江市,21,女性,2022/10/09 13:17,"4,500",その他,鯖江市
福井県,越前市,39,女性,2022/10/09 13:20,"1,500",漆器,鯖江市
岐阜県,各務原市,22,男性,2022/10/09 13:20,"2,200",漆器,鯖江市
福井県,越前市,56,女性,2022/10/09 13:25,"2,500",飲食,鯖江市
愛知県,蒲郡市,23,女性,2022/10/09 13:25,"2,200",眼鏡,鯖江市
三重県,菰野町,47,女性,2022/10/09 13:26,"1,500",その他,鯖江市
福井県,福井市,55,女性,2022/10/09 13:26,495,漆器,鯖江市
福井県,あわら市,51,回答なし,2022/10/09 13:27,"4,730",漆器,鯖江市
愛知県,蒲郡市,28,女性,2022/10/09 13:27,"30,000",眼鏡,鯖江市
石川県,金沢市,20,女性,2022/10/09 13:27,180,その他,鯖江市
東京都,府中市,29,回答なし,2022/10/09 13:27,"2,970",眼鏡,鯖江市
岡山県,岡山市,23,女性,2022/10/09 13:28,300,和紙,越前市
大阪府,八尾市,23,女性,2022/10/09 13:28,300,和紙,越前市
福井県,福井市,41,女性,2022/10/09 13:30,"3,650",焼物,越前町
東京都,墨田区,28,女性,2022/10/09 13:30,"1,180",和紙,越前市
福井県,福井市,45,女性,2022/10/09 13:30,"6,000",飲食,鯖江市
大阪府,大阪市,23,女性,2022/10/09 13:30,"3,740",その他,鯖江市
三重県,菰野町,39,女性,2022/10/09 13:31,"5,610",その他,鯖江市
三重県,菰野町,39,女性,2022/10/09 13:31,"3,080",その他,鯖江市
福井県,勝山市,51,女性,2022/10/09 13:31,"5,500",その他,鯖江市
福井県,福井市,49,男性,2022/10/09 13:33,"17,603",その他,越前町
長野県,松本市,40,男性,2022/10/09 13:34,"5,870",その他,鯖江市
福井県,永平寺町,31,男性,2022/10/09 13:34,"1,892",眼鏡,鯖江市
愛知県,小牧市,52,女性,2022/10/09 13:35,"1,100",漆器,鯖江市
福井県,福井市,39,男性,2022/10/09 13:36,495,その他,鯖江市
福井県,福井市,32,男性,2022/10/09 13:36,500,その他,鯖江市
福井県,越前市,47,男性,2022/10/09 13:37,"1,480",その他,鯖江市
兵庫県,豊岡市,23,男性,2022/10/09 13:37,"4,700",その他,鯖江市
兵庫県,川西市,53,男性,2022/10/09 13:37,"2,530",飲食,鯖江市
福井県,福井市,41,男性,2022/10/09 13:38,"5,000",漆器,鯖江市
福井県,福井市,29,女性,2022/10/09 13:39,"2,250",飲食,鯖江市
福井県,あわら市,51,回答なし,2022/10/09 13:39,"4,585",漆器,鯖江市
福井県,福井市,48,男性,2022/10/09 13:40,500,その他,鯖江市
愛知県,岡崎市,29,男性,2022/10/09 13:41,"30,000",眼鏡,鯖江市
福井県,福井市,44,女性,2022/10/09 13:42,500,その他,鯖江市
長野県,松本市,40,男性,2022/10/09 13:44,"4,429",その他,鯖江市
茨城県,ひたちなか市,22,男性,2022/10/09 13:45,"8,690",漆器,鯖江市
埼玉県,さいたま市,23,男性,2022/10/09 13:45,"1,360",漆器,鯖江市
福井県,福井市,29,女性,2022/10/09 13:47,"6,000",漆器,鯖江市
福井県,福井市,42,女性,2022/10/09 13:51,"3,500",和紙,越前市
東京都,葛飾区,31,女性,2022/10/09 13:52,"1,200",和紙,越前市
福井県,鯖江市,29,男性,2022/10/09 13:53,"2,260",漆器,鯖江市
東京都,杉並区,33,女性,2022/10/09 13:54,"1,000",箪笥,越前市
福井県,福井市,44,女性,2022/10/09 13:54,500,その他,鯖江市
福井県,小浜市,53,女性,2022/10/09 13:56,550,その他,鯖江市
神奈川県,川崎市,24,女性,2022/10/09 13:56,500,箪笥,越前市
福井県,坂井市,52,男性,2022/10/09 13:56,"1,980",漆器,鯖江市
愛知県,岩倉市,30,女性,2022/10/09 13:57,800,和紙,越前市
福井県,福井市,25,女性,2022/10/09 13:58,"2,000",その他,鯖江市
福井県,敦賀市,23,女性,2022/10/09 13:59,"1,020",漆器,鯖江市
福井県,敦賀市,26,女性,2022/10/09 13:59,"3,880",漆器,鯖江市
富山県,南砺市,44,男性,2022/10/09 14:01,"2,926",漆器,鯖江市
三重県,菰野町,47,女性,2022/10/09 14:01,"3,000",漆器,鯖江市
福井県,福井市,23,男性,2022/10/09 14:01,"1,055",その他,鯖江市
福井県,鯖江市,46,女性,2022/10/09 14:01,"4,560",その他,鯖江市
福井県,福井市,49,女性,2022/10/09 14:01,"11,500",その他,鯖江市
福井県,福井市,34,女性,2022/10/09 14:02,"11,500",その他,鯖江市
岐阜県,岐阜市,23,女性,2022/10/09 14:04,924,その他,鯖江市
奈良県,王寺町,22,男性,2022/10/09 14:04,"3,680",その他,鯖江市
東京都,小金井市,22,女性,2022/10/09 14:04,"3,340",漆器,鯖江市
福井県,福井市,41,女性,2022/10/09 14:05,300,打刃物,越前市
愛知県,蒲郡市,23,女性,2022/10/09 14:06,"2,970",眼鏡,鯖江市
福井県,福井市,45,女性,2022/10/09 14:06,"1,400",飲食,鯖江市
愛知県,名古屋市,59,女性,2022/10/09 14:08,600,飲食,鯖江市
福井県,永平寺町,55,女性,2022/10/09 14:10,"1,058",漆器,鯖江市
福井県,越前市,39,女性,2022/10/09 14:10,700,飲食,鯖江市
福井県,福井市,26,女性,2022/10/09 14:11,"5,500",その他,鯖江市
福井県,福井市,26,男性,2022/10/09 14:13,"1,000",漆器,鯖江市
長野県,松本市,40,男性,2022/10/09 14:13,"1,701",和紙,越前市
福井県,鯖江市,23,男性,2022/10/09 14:14,"4,500",漆器,鯖江市
愛知県,名古屋市,31,男性,2022/10/09 14:14,500,飲食,鯖江市
福井県,福井市,26,女性,2022/10/09 14:14,"18,000",打刃物,越前市
大阪府,八尾市,36,男性,2022/10/09 14:14,500,飲食,鯖江市
福井県,福井市,48,男性,2022/10/09 14:15,"12,100",漆器,鯖江市
愛知県,日進市,56,女性,2022/10/09 14:15,"2,070",その他,鯖江市
福井県,福井市,32,男性,2022/10/09 14:15,"2,320",漆器,鯖江市
福井県,福井市,37,男性,2022/10/09 14:16,"6,000",その他,鯖江市
東京都,府中市,29,回答なし,2022/10/09 14:17,500,その他,鯖江市
福井県,越前市,23,女性,2022/10/09 14:18,"4,437",その他,鯖江市
富山県,南砺市,44,男性,2022/10/09 14:19,"3,000",漆器,鯖江市
福井県,坂井市,52,男性,2022/10/09 14:19,"1,000",その他,鯖江市
京都府,八幡市,46,回答なし,2022/10/09 14:20,"1,800",和紙,越前市
石川県,中能登町,54,女性,2022/10/09 14:20,"5,600",漆器,鯖江市
福井県,福井市,42,女性,2022/10/09 14:21,300,和紙,越前市
福井県,越前市,23,女性,2022/10/09 14:22,495,その他,鯖江市
福井県,福井市,39,男性,2022/10/09 14:24,800,漆器,鯖江市
東京都,府中市,29,回答なし,2022/10/09 14:27,500,その他,鯖江市
石川県,小松市,45,女性,2022/10/09 14:28,500,その他,鯖江市
福井県,永平寺町,31,男性,2022/10/09 14:28,"1,308",漆器,鯖江市
大阪府,八尾市,23,女性,2022/10/09 14:29,"1,705",和紙,越前市
東京都,杉並区,49,男性,2022/10/09 14:33,"1,980",眼鏡,鯖江市
福井県,小浜市,53,女性,2022/10/09 14:33,"4,450",漆器,鯖江市
福井県,永平寺町,55,女性,2022/10/09 14:33,"1,080",その他,鯖江市
富山県,砺波市,40,男性,2022/10/09 14:33,"2,000",その他,鯖江市
三重県,四日市市,61,女性,2022/10/09 14:35,"2,788",その他,鯖江市
大阪府,八尾市,23,女性,2022/10/09 14:36,"1,980",和紙,越前市
神奈川県,川崎市,24,女性,2022/10/09 14:37,"1,830",眼鏡,鯖江市
香川県,高松市,21,女性,2022/10/09 14:39,"3,240",その他,鯖江市
福井県,永平寺町,24,男性,2022/10/09 14:40,"3,100",その他,鯖江市
岡山県,岡山市,23,女性,2022/10/09 14:40,"5,168",和紙,越前市
愛知県,名古屋市,59,女性,2022/10/09 14:41,"2,500",その他,鯖江市
愛知県,名古屋市,26,その他,2022/10/09 14:41,100,和紙,越前市
三重県,菰野町,39,女性,2022/10/09 14:43,"3,465",その他,鯖江市
三重県,菰野町,39,女性,2022/10/09 14:43,940,その他,鯖江市
東京都,葛飾区,31,女性,2022/10/09 14:44,"4,800",和紙,越前市
三重県,菰野町,39,女性,2022/10/09 14:45,255,その他,鯖江市
福井県,福井市,27,男性,2022/10/09 14:45,"5,880",打刃物,越前市
愛知県,蒲郡市,23,女性,2022/10/09 14:46,"1,100",眼鏡,鯖江市
福井県,福井市,50,男性,2022/10/09 14:48,"6,000",漆器,鯖江市
福井県,越前市,39,女性,2022/10/09 14:49,"2,250",その他,鯖江市
愛知県,名古屋市,31,男性,2022/10/09 14:50,"1,700",漆器,鯖江市
福井県,福井市,43,女性,2022/10/09 14:51,"1,920",打刃物,越前市
香川県,高松市,21,女性,2022/10/09 14:51,756,その他,鯖江市
岐阜県,各務原市,22,男性,2022/10/09 14:51,330,和紙,越前市
愛知県,名古屋市,29,女性,2022/10/09 14:51,"30,000",眼鏡,鯖江市
千葉県,船橋市,28,女性,2022/10/09 14:52,"2,500",和紙,越前市
愛知県,名古屋市,31,男性,2022/10/09 14:52,"2,000",漆器,鯖江市
福井県,福井市,27,女性,2022/10/09 14:52,"5,000",眼鏡,鯖江市
愛知県,名古屋市,27,女性,2022/10/09 14:53,"2,000",漆器,鯖江市
京都府,八幡市,46,回答なし,2022/10/09 14:53,"4,200",漆器,鯖江市
愛知県,名古屋市,27,男性,2022/10/09 14:53,"18,000",眼鏡,鯖江市
福井県,福井市,48,男性,2022/10/09 14:54,"2,500",漆器,鯖江市
愛知県,長久手市,47,女性,2022/10/09 14:54,"2,420",和紙,越前市
福井県,越前市,25,女性,2022/10/09 14:54,"5,000",その他,鯖江市
茨城県,ひたちなか市,22,男性,2022/10/09 14:54,"2,200",漆器,鯖江市
岐阜県,各務原市,22,男性,2022/10/09 14:55,700,和紙,越前市
大阪府,大阪市,46,女性,2022/10/09 14:55,"1,300",和紙,越前市
福井県,福井市,34,女性,2022/10/09 14:56,"2,980",飲食,鯖江市
福井県,鯖江市,60,男性,2022/10/09 14:57,"18,565",眼鏡,鯖江市
福井県,福井市,55,男性,2022/10/09 14:57,"1,320",漆器,鯖江市
福井県,あわら市,46,女性,2022/10/09 14:57,200,和紙,越前市
石川県,金沢市,28,回答なし,2022/10/09 14:57,"3,300",その他,鯖江市
福井県,福井市,58,男性,2022/10/09 14:58,"5,660",漆器,鯖江市
福井県,鯖江市,63,男性,2022/10/09 14:58,"1,300",飲食,鯖江市
東京都,大田区,29,女性,2022/10/09 14:58,500,その他,鯖江市
福井県,越前市,27,女性,2022/10/09 15:00,"4,600",その他,越前町
福井県,福井市,41,女性,2022/10/09 15:00,"1,300",飲食,鯖江市
三重県,四日市市,52,女性,2022/10/09 15:00,"12,000",漆器,鯖江市
愛知県,小牧市,52,女性,2022/10/09 15:00,"3,000",和紙,越前市
三重県,菰野町,37,男性,2022/10/09 15:01,"3,000",和紙,越前市
愛知県,蒲郡市,23,女性,2022/10/09 15:06,"1,900",その他,鯖江市
福井県,福井市,45,女性,2022/10/09 15:07,"3,600",漆器,鯖江市
福井県,越前市,49,男性,2022/10/09 15:07,"1,500",打刃物,越前市
福井県,鯖江市,33,女性,2022/10/09 15:10,"2,000",漆器,鯖江市
福井県,福井市,27,女性,2022/10/09 15:12,"7,000",眼鏡,鯖江市
福井県,越前市,56,女性,2022/10/09 15:16,"5,555",その他,鯖江市
福井県,福井市,42,男性,2022/10/09 15:17,"5,140",漆器,鯖江市
熊本県,南関町,35,女性,2022/10/09 15:19,622,漆器,鯖江市
大阪府,枚方市,30,女性,2022/10/09 15:19,"1,000",飲食,鯖江市
福井県,福井市,35,男性,2022/10/09 15:20,"1,485",和紙,越前市
東京都,大田区,29,女性,2022/10/09 15:21,"4,000",漆器,鯖江市
大阪府,大阪市東成区,31,女性,2022/10/09 15:22,"2,790",飲食,鯖江市
愛知県,小牧市,52,女性,2022/10/09 15:25,"5,390",和紙,越前市
福井県,越前市,56,女性,2022/10/09 15:26,445,その他,鯖江市
福井県,南越前町,52,女性,2022/10/09 15:29,"7,975",眼鏡,鯖江市
福井県,福井市,25,女性,2022/10/09 15:31,"1,250",その他,鯖江市
福井県,鯖江市,63,男性,2022/10/09 15:31,"1,296",その他,鯖江市
愛知県,小牧市,52,女性,2022/10/09 15:32,"2,010",和紙,越前市
三重県,菰野町,37,男性,2022/10/09 15:32,"1,000",その他,鯖江市
福井県,福井市,55,男性,2022/10/09 15:33,"1,430",漆器,鯖江市
福井県,福井市,44,女性,2022/10/09 15:33,"1,000",焼物,越前町
福井県,越前市,37,男性,2022/10/09 15:34,"1,040",その他,越前市
岐阜県,岐阜市,23,女性,2022/10/09 15:35,"1,540",和紙,越前市
東京都,杉並区,33,女性,2022/10/09 15:35,"1,300",その他,鯖江市
富山県,砺波市,40,男性,2022/10/09 15:38,500,その他,鯖江市
福井県,福井市,42,女性,2022/10/09 15:38,341,その他,鯖江市
石川県,金沢市,28,回答なし,2022/10/09 15:42,"2,850",和紙,越前市
福井県,福井市,25,女性,2022/10/09 15:43,"4,000",漆器,鯖江市
岐阜県,各務原市,22,男性,2022/10/09 15:43,"1,650",和紙,越前市
香川県,高松市,21,女性,2022/10/09 15:44,"2,000",その他,鯖江市
福井県,福井市,44,女性,2022/10/09 15:44,"4,000",焼物,越前町
福井県,福井市,42,男性,2022/10/09 15:45,860,飲食,鯖江市
福井県,勝山市,44,男性,2022/10/09 15:45,"1,280",漆器,鯖江市
東京都,小金井市,26,女性,2022/10/09 15:45,"2,285",飲食,鯖江市
福井県,福井市,55,その他,2022/10/09 15:50,"6,000",漆器,鯖江市
愛知県,名古屋市,26,その他,2022/10/09 15:51,300,和紙,越前市
愛知県,安城市,55,女性,2022/10/09 15:53,"4,000",和紙,越前市
東京都,葛飾区,31,女性,2022/10/09 15:53,"2,860",漆器,鯖江市
福井県,福井市,39,男性,2022/10/09 15:55,"1,000",和紙,越前市
福井県,福井市,55,女性,2022/10/09 15:55,825,打刃物,越前市
東京都,渋谷区,36,女性,2022/10/09 15:56,"4,200",飲食,鯖江市
三重県,菰野町,37,男性,2022/10/09 15:57,"2,060",漆器,鯖江市
福井県,越前市,33,男性,2022/10/09 15:57,"48,000",眼鏡,鯖江市
福岡県,久留米市,48,女性,2022/10/09 15:58,500,その他,鯖江市
福井県,越前市,39,女性,2022/10/09 15:58,"2,800",眼鏡,鯖江市
福井県,福井市,35,男性,2022/10/09 16:05,"1,300",和紙,越前市
兵庫県,川西市,53,男性,2022/10/09 16:06,"3,470",漆器,鯖江市
福井県,福井市,41,女性,2022/10/09 16:09,"1,980",眼鏡,鯖江市
福井県,越前市,39,女性,2022/10/09 16:09,460,眼鏡,鯖江市
福井県,越前市,25,女性,2022/10/09 16:13,500,その他,鯖江市
兵庫県,洲本市,31,男性,2022/10/09 16:16,"1,400",その他,鯖江市
福井県,福井市,25,女性,2022/10/09 16:17,"5,000",漆器,鯖江市
福井県,福井市,29,女性,2022/10/09 16:18,"5,350",漆器,鯖江市
福井県,あわら市,46,女性,2022/10/09 16:21,"1,500",和紙,越前市
大阪府,大阪市,46,女性,2022/10/09 16:21,"1,500",和紙,越前市
岐阜県,各務原市,22,男性,2022/10/09 16:25,620,漆器,越前市
東京都,杉並区,49,男性,2022/10/09 16:25,600,和紙,越前市
大阪府,大阪市,46,女性,2022/10/09 16:25,"1,500",和紙,越前市
福井県,福井市,41,女性,2022/10/09 16:27,"2,200",眼鏡,鯖江市
福井県,越前市,33,女性,2022/10/09 16:27,"6,000",漆器,鯖江市
東京都,府中市,29,回答なし,2022/10/09 16:27,400,漆器,鯖江市
愛知県,長久手市,47,女性,2022/10/09 16:28,"1,000",和紙,越前市
香川県,高松市,21,女性,2022/10/09 16:30,4,眼鏡,鯖江市
福井県,福井市,25,女性,2022/10/09 16:35,"1,400",その他,鯖江市
東京都,渋谷区,41,男性,2022/10/09 16:36,"3,500",その他,越前町
茨城県,ひたちなか市,22,男性,2022/10/09 16:41,760,漆器,鯖江市
岡山県,岡山市,23,女性,2022/10/09 16:42,"3,832",眼鏡,鯖江市
東京都,武蔵野市,31,女性,2022/10/09 16:44,"2,390",その他,鯖江市
福井県,鯖江市,50,女性,2022/10/09 16:46,"5,500",漆器,鯖江市
福井県,福井市,39,男性,2022/10/09 16:48,"1,805",眼鏡,鯖江市
愛知県,岩倉市,30,女性,2022/10/09 16:49,10,眼鏡,鯖江市
大阪府,八尾市,23,女性,2022/10/09 16:51,"5,315",眼鏡,鯖江市
東京都,大田区,29,女性,2022/10/09 16:54,"1,500",眼鏡,鯖江市
東京都,府中市,29,回答なし,2022/10/09 16:55,130,漆器,鯖江市
大阪府,大阪市,24,男性,2022/10/09 16:58,"6,000",漆器,鯖江市
東京都,世田谷区,32,女性,2022/10/09 16:59,"1,540",和紙,越前市
神奈川県,横浜市,28,男性,2022/10/09 17:04,"5,180",その他,鯖江市
富山県,砺波市,40,男性,2022/10/09 17:08,"3,000",その他,鯖江市
滋賀県,近江八幡市,37,男性,2022/10/09 17:11,"4,000",その他,鯖江市
岐阜県,岐阜市,23,女性,2022/10/09 17:15,"3,536",その他,鯖江市
福井県,鯖江市,33,女性,2022/10/09 17:16,"1,540",和紙,越前市
東京都,武蔵野市,31,女性,2022/10/09 17:16,"1,038",飲食,鯖江市
東京都,武蔵野市,31,女性,2022/10/09 17:20,600,飲食,鯖江市
福井県,南越前町,52,女性,2022/10/09 17:23,"2,475",箪笥,越前市
東京都,杉並区,49,男性,2022/10/09 17:24,"1,000",眼鏡,鯖江市
神奈川県,横浜市,46,女性,2022/10/09 17:24,830,その他,鯖江市
東京都,杉並区,49,男性,2022/10/09 17:35,"2,420",飲食,鯖江市
大阪府,八尾市,36,男性,2022/10/09 17:45,880,その他,鯖江市
兵庫県,洲本市,31,男性,2022/10/09 18:13,"6,748",その他,鯖江市
福井県,越前市,42,男性,2022/10/09 18:30,"3,642",その他,鯖江市
福井県,越前市,30,女性,2022/10/10 10:57,"9,500",漆器,鯖江市
福井県,越前市,57,女性,2022/10/10 12:27,"48,000",その他,鯖江市
福井県,鯖江市,71,女性,2022/10/10 14:41,"3,408",その他,鯖江市
福井県,福井市,32,女性,2022/10/10 16:50,"32,434",その他,鯖江市
福井県,鯖江市,20,男性,2022/10/10 17:33,"5,290",その他,鯖江市
福井県,坂井市,21,男性,2022/10/11 13:45,"3,340",眼鏡,鯖江市
福井県,福井市,23,その他,2022/10/12 13:44,"5,000",漆器,鯖江市
福井県,鯖江市,28,女性,2022/10/12 13:55,"3,138",漆器,鯖江市
福井県,鯖江市,33,女性,2022/10/12 14:05,"2,460",漆器,鯖江市
福井県,福井市,36,男性,2022/10/15 15:33,"1,040",飲食,鯖江市
福井県,鯖江市,60,男性,2022/10/18 14:29,"10,000",飲食,鯖江市
福井県,鯖江市,60,男性,2022/10/18 14:33,"10,700",飲食,鯖江市