population_statistics,調査年,標準地域コード,町丁字コード,都道府県名,市区町村名,行政区名,大字・町名,字・丁目名,最少年齢,最大年齢,人口,男性人口,女性人口,備考
statistical_population_data_1,2010,182028,,福井県,敦賀市,,,,0,0,633,333,300,
statistical_population_data_2,2010,182028,,福井県,敦賀市,,,,1,1,621,320,301,
statistical_population_data_3,2010,182028,,福井県,敦賀市,,,,2,2,659,320,339,
statistical_population_data_4,2010,182028,,福井県,敦賀市,,,,3,3,663,355,308,
statistical_population_data_5,2010,182028,,福井県,敦賀市,,,,4,4,661,356,305,
statistical_population_data_6,2010,182028,,福井県,敦賀市,,,,5,5,602,312,290,
statistical_population_data_7,2010,182028,,福井県,敦賀市,,,,6,6,674,336,338,
statistical_population_data_8,2010,182028,,福井県,敦賀市,,,,7,7,678,346,332,
statistical_population_data_9,2010,182028,,福井県,敦賀市,,,,8,8,650,324,326,
statistical_population_data_10,2010,182028,,福井県,敦賀市,,,,9,9,708,356,352,
statistical_population_data_11,2010,182028,,福井県,敦賀市,,,,10,10,675,358,317,
statistical_population_data_12,2010,182028,,福井県,敦賀市,,,,11,11,714,389,325,
statistical_population_data_13,2010,182028,,福井県,敦賀市,,,,12,12,720,374,346,
statistical_population_data_14,2010,182028,,福井県,敦賀市,,,,13,13,719,366,353,
statistical_population_data_15,2010,182028,,福井県,敦賀市,,,,14,14,644,340,304,
statistical_population_data_16,2010,182028,,福井県,敦賀市,,,,15,15,686,372,314,
statistical_population_data_17,2010,182028,,福井県,敦賀市,,,,16,16,675,351,324,
statistical_population_data_18,2010,182028,,福井県,敦賀市,,,,17,17,695,357,338,
statistical_population_data_19,2010,182028,,福井県,敦賀市,,,,18,18,655,323,332,
statistical_population_data_20,2010,182028,,福井県,敦賀市,,,,19,19,675,354,321,
statistical_population_data_21,2010,182028,,福井県,敦賀市,,,,20,20,689,342,347,
statistical_population_data_22,2010,182028,,福井県,敦賀市,,,,21,21,728,388,340,
statistical_population_data_23,2010,182028,,福井県,敦賀市,,,,22,22,637,316,321,
statistical_population_data_24,2010,182028,,福井県,敦賀市,,,,23,23,707,344,363,
statistical_population_data_25,2010,182028,,福井県,敦賀市,,,,24,24,711,372,339,
statistical_population_data_26,2010,182028,,福井県,敦賀市,,,,25,25,746,362,384,
statistical_population_data_27,2010,182028,,福井県,敦賀市,,,,26,26,736,366,370,
statistical_population_data_28,2010,182028,,福井県,敦賀市,,,,27,27,737,361,376,
statistical_population_data_29,2010,182028,,福井県,敦賀市,,,,28,28,717,379,338,
statistical_population_data_30,2010,182028,,福井県,敦賀市,,,,29,29,842,426,416,
statistical_population_data_31,2010,182028,,福井県,敦賀市,,,,30,30,814,407,407,
statistical_population_data_32,2010,182028,,福井県,敦賀市,,,,31,31,826,417,409,
statistical_population_data_33,2010,182028,,福井県,敦賀市,,,,32,32,859,462,397,
statistical_population_data_34,2010,182028,,福井県,敦賀市,,,,33,33,882,461,421,
statistical_population_data_35,2010,182028,,福井県,敦賀市,,,,34,34,1009,515,494,
statistical_population_data_36,2010,182028,,福井県,敦賀市,,,,35,35,1010,515,495,
statistical_population_data_37,2010,182028,,福井県,敦賀市,,,,36,36,1032,526,506,
statistical_population_data_38,2010,182028,,福井県,敦賀市,,,,37,37,1106,560,546,
statistical_population_data_39,2010,182028,,福井県,敦賀市,,,,38,38,1035,520,515,
statistical_population_data_40,2010,182028,,福井県,敦賀市,,,,39,39,942,487,455,
statistical_population_data_41,2010,182028,,福井県,敦賀市,,,,40,40,930,468,462,
statistical_population_data_42,2010,182028,,福井県,敦賀市,,,,41,41,913,469,444,
statistical_population_data_43,2010,182028,,福井県,敦賀市,,,,42,42,907,471,436,
statistical_population_data_44,2010,182028,,福井県,敦賀市,,,,43,43,920,462,458,
statistical_population_data_45,2010,182028,,福井県,敦賀市,,,,44,44,680,357,323,
statistical_population_data_46,2010,182028,,福井県,敦賀市,,,,45,45,885,455,430,
statistical_population_data_47,2010,182028,,福井県,敦賀市,,,,46,46,888,444,444,
statistical_population_data_48,2010,182028,,福井県,敦賀市,,,,47,47,851,436,415,
statistical_population_data_49,2010,182028,,福井県,敦賀市,,,,48,48,867,429,438,
statistical_population_data_50,2010,182028,,福井県,敦賀市,,,,49,49,862,474,388,
statistical_population_data_51,2010,182028,,福井県,敦賀市,,,,50,50,879,439,440,
statistical_population_data_52,2010,182028,,福井県,敦賀市,,,,51,51,945,493,452,
statistical_population_data_53,2010,182028,,福井県,敦賀市,,,,52,52,869,451,418,
statistical_population_data_54,2010,182028,,福井県,敦賀市,,,,53,53,849,430,419,
statistical_population_data_55,2010,182028,,福井県,敦賀市,,,,54,54,959,483,476,
statistical_population_data_56,2010,182028,,福井県,敦賀市,,,,55,55,971,502,469,
statistical_population_data_57,2010,182028,,福井県,敦賀市,,,,56,56,883,469,414,
statistical_population_data_58,2010,182028,,福井県,敦賀市,,,,57,57,985,497,488,
statistical_population_data_59,2010,182028,,福井県,敦賀市,,,,58,58,992,503,489,
statistical_population_data_60,2010,182028,,福井県,敦賀市,,,,59,59,1017,516,501,
statistical_population_data_61,2010,182028,,福井県,敦賀市,,,,60,60,1178,570,608,
statistical_population_data_62,2010,182028,,福井県,敦賀市,,,,61,61,1272,664,608,
statistical_population_data_63,2010,182028,,福井県,敦賀市,,,,62,62,1187,584,603,
statistical_population_data_64,2010,182028,,福井県,敦賀市,,,,63,63,1089,543,546,
statistical_population_data_65,2010,182028,,福井県,敦賀市,,,,64,64,609,297,312,
statistical_population_data_66,2010,182028,,福井県,敦賀市,,,,65,65,701,347,354,
statistical_population_data_67,2010,182028,,福井県,敦賀市,,,,66,66,831,386,445,
statistical_population_data_68,2010,182028,,福井県,敦賀市,,,,67,67,853,410,443,
statistical_population_data_69,2010,182028,,福井県,敦賀市,,,,68,68,835,400,435,
statistical_population_data_70,2010,182028,,福井県,敦賀市,,,,69,69,752,370,382,
statistical_population_data_71,2010,182028,,福井県,敦賀市,,,,70,70,691,319,372,
statistical_population_data_72,2010,182028,,福井県,敦賀市,,,,71,71,592,282,310,
statistical_population_data_73,2010,182028,,福井県,敦賀市,,,,72,72,648,289,359,
statistical_population_data_74,2010,182028,,福井県,敦賀市,,,,73,73,710,321,389,
statistical_population_data_75,2010,182028,,福井県,敦賀市,,,,74,74,710,295,415,
statistical_population_data_76,2010,182028,,福井県,敦賀市,,,,75,75,630,262,368,
statistical_population_data_77,2010,182028,,福井県,敦賀市,,,,76,76,639,259,380,
statistical_population_data_78,2010,182028,,福井県,敦賀市,,,,77,77,643,279,364,
statistical_population_data_79,2010,182028,,福井県,敦賀市,,,,78,78,689,282,407,
statistical_population_data_80,2010,182028,,福井県,敦賀市,,,,79,79,665,301,364,
statistical_population_data_81,2010,182028,,福井県,敦賀市,,,,80,80,604,265,339,
statistical_population_data_82,2010,182028,,福井県,敦賀市,,,,81,81,587,251,336,
statistical_population_data_83,2010,182028,,福井県,敦賀市,,,,82,82,510,185,325,
statistical_population_data_84,2010,182028,,福井県,敦賀市,,,,83,83,471,184,287,
statistical_population_data_85,2010,182028,,福井県,敦賀市,,,,84,84,418,140,278,
statistical_population_data_86,2010,182028,,福井県,敦賀市,,,,85,85,422,134,288,
statistical_population_data_87,2010,182028,,福井県,敦賀市,,,,86,86,297,93,204,
statistical_population_data_88,2010,182028,,福井県,敦賀市,,,,87,87,261,70,191,
statistical_population_data_89,2010,182028,,福井県,敦賀市,,,,88,88,231,48,183,
statistical_population_data_90,2010,182028,,福井県,敦賀市,,,,89,89,227,59,168,
statistical_population_data_91,2010,182028,,福井県,敦賀市,,,,90,,758,175,583,
statistical_population_data_92,2010,182028,,福井県,敦賀市,,,,0,,68934,33780,35154,
statistical_population_data_93,2011,182028,,福井県,敦賀市,,,,0,0,652,325,327,
statistical_population_data_94,2011,182028,,福井県,敦賀市,,,,1,1,649,350,299,
statistical_population_data_95,2011,182028,,福井県,敦賀市,,,,2,2,635,332,303,
statistical_population_data_96,2011,182028,,福井県,敦賀市,,,,3,3,661,314,347,
statistical_population_data_97,2011,182028,,福井県,敦賀市,,,,4,4,666,352,314,
statistical_population_data_98,2011,182028,,福井県,敦賀市,,,,5,5,659,358,301,
statistical_population_data_99,2011,182028,,福井県,敦賀市,,,,6,6,601,310,291,
statistical_population_data_100,2011,182028,,福井県,敦賀市,,,,7,7,676,338,338,
statistical_population_data_101,2011,182028,,福井県,敦賀市,,,,8,8,678,346,332,
statistical_population_data_102,2011,182028,,福井県,敦賀市,,,,9,9,652,325,327,
statistical_population_data_103,2011,182028,,福井県,敦賀市,,,,10,10,706,354,352,
statistical_population_data_104,2011,182028,,福井県,敦賀市,,,,11,11,687,365,322,
statistical_population_data_105,2011,182028,,福井県,敦賀市,,,,12,12,720,393,327,
statistical_population_data_106,2011,182028,,福井県,敦賀市,,,,13,13,721,374,347,
statistical_population_data_107,2011,182028,,福井県,敦賀市,,,,14,14,720,368,352,
statistical_population_data_108,2011,182028,,福井県,敦賀市,,,,15,15,649,346,303,
statistical_population_data_109,2011,182028,,福井県,敦賀市,,,,16,16,682,368,314,
statistical_population_data_110,2011,182028,,福井県,敦賀市,,,,17,17,677,351,326,
statistical_population_data_111,2011,182028,,福井県,敦賀市,,,,18,18,684,352,332,
statistical_population_data_112,2011,182028,,福井県,敦賀市,,,,19,19,637,312,325,
statistical_population_data_113,2011,182028,,福井県,敦賀市,,,,20,20,663,352,311,
statistical_population_data_114,2011,182028,,福井県,敦賀市,,,,21,21,690,353,337,
statistical_population_data_115,2011,182028,,福井県,敦賀市,,,,22,22,721,392,329,
statistical_population_data_116,2011,182028,,福井県,敦賀市,,,,23,23,649,332,317,
statistical_population_data_117,2011,182028,,福井県,敦賀市,,,,24,24,715,356,359,
statistical_population_data_118,2011,182028,,福井県,敦賀市,,,,25,25,713,383,330,
statistical_population_data_119,2011,182028,,福井県,敦賀市,,,,26,26,773,379,394,
statistical_population_data_120,2011,182028,,福井県,敦賀市,,,,27,27,775,392,383,
statistical_population_data_121,2011,182028,,福井県,敦賀市,,,,28,28,773,394,379,
statistical_population_data_122,2011,182028,,福井県,敦賀市,,,,29,29,743,395,348,
statistical_population_data_123,2011,182028,,福井県,敦賀市,,,,30,30,850,433,417,
statistical_population_data_124,2011,182028,,福井県,敦賀市,,,,31,31,820,420,400,
statistical_population_data_125,2011,182028,,福井県,敦賀市,,,,32,32,839,416,423,
statistical_population_data_126,2011,182028,,福井県,敦賀市,,,,33,33,880,473,407,
statistical_population_data_127,2011,182028,,福井県,敦賀市,,,,34,34,901,463,438,
statistical_population_data_128,2011,182028,,福井県,敦賀市,,,,35,35,1022,517,505,
statistical_population_data_129,2011,182028,,福井県,敦賀市,,,,36,36,1031,526,505,
statistical_population_data_130,2011,182028,,福井県,敦賀市,,,,37,37,1024,524,500,
statistical_population_data_131,2011,182028,,福井県,敦賀市,,,,38,38,1107,559,548,
statistical_population_data_132,2011,182028,,福井県,敦賀市,,,,39,39,1048,524,524,
statistical_population_data_133,2011,182028,,福井県,敦賀市,,,,40,40,951,487,464,
statistical_population_data_134,2011,182028,,福井県,敦賀市,,,,41,41,934,470,464,
statistical_population_data_135,2011,182028,,福井県,敦賀市,,,,42,42,912,467,445,
statistical_population_data_136,2011,182028,,福井県,敦賀市,,,,43,43,910,475,435,
statistical_population_data_137,2011,182028,,福井県,敦賀市,,,,44,44,923,470,453,
statistical_population_data_138,2011,182028,,福井県,敦賀市,,,,45,45,670,351,319,
statistical_population_data_139,2011,182028,,福井県,敦賀市,,,,46,46,886,454,432,
statistical_population_data_140,2011,182028,,福井県,敦賀市,,,,47,47,890,448,442,
statistical_population_data_141,2011,182028,,福井県,敦賀市,,,,48,48,839,426,413,
statistical_population_data_142,2011,182028,,福井県,敦賀市,,,,49,49,863,427,436,
statistical_population_data_143,2011,182028,,福井県,敦賀市,,,,50,50,854,467,387,
statistical_population_data_144,2011,182028,,福井県,敦賀市,,,,51,51,877,439,438,
statistical_population_data_145,2011,182028,,福井県,敦賀市,,,,52,52,936,490,446,
statistical_population_data_146,2011,182028,,福井県,敦賀市,,,,53,53,871,453,418,
statistical_population_data_147,2011,182028,,福井県,敦賀市,,,,54,54,845,432,413,
statistical_population_data_148,2011,182028,,福井県,敦賀市,,,,55,55,958,486,472,
statistical_population_data_149,2011,182028,,福井県,敦賀市,,,,56,56,965,497,468,
statistical_population_data_150,2011,182028,,福井県,敦賀市,,,,57,57,880,467,413,
statistical_population_data_151,2011,182028,,福井県,敦賀市,,,,58,58,981,494,487,
statistical_population_data_152,2011,182028,,福井県,敦賀市,,,,59,59,984,498,486,
statistical_population_data_153,2011,182028,,福井県,敦賀市,,,,60,60,1017,513,504,
statistical_population_data_154,2011,182028,,福井県,敦賀市,,,,61,61,1174,571,603,
statistical_population_data_155,2011,182028,,福井県,敦賀市,,,,62,62,1267,656,611,
statistical_population_data_156,2011,182028,,福井県,敦賀市,,,,63,63,1186,581,605,
statistical_population_data_157,2011,182028,,福井県,敦賀市,,,,64,64,1079,535,544,
statistical_population_data_158,2011,182028,,福井県,敦賀市,,,,65,65,608,293,315,
statistical_population_data_159,2011,182028,,福井県,敦賀市,,,,66,66,688,344,344,
statistical_population_data_160,2011,182028,,福井県,敦賀市,,,,67,67,822,381,441,
statistical_population_data_161,2011,182028,,福井県,敦賀市,,,,68,68,845,403,442,
statistical_population_data_162,2011,182028,,福井県,敦賀市,,,,69,69,824,393,431,
statistical_population_data_163,2011,182028,,福井県,敦賀市,,,,70,70,739,361,378,
statistical_population_data_164,2011,182028,,福井県,敦賀市,,,,71,71,686,318,368,
statistical_population_data_165,2011,182028,,福井県,敦賀市,,,,72,72,583,273,310,
statistical_population_data_166,2011,182028,,福井県,敦賀市,,,,73,73,636,282,354,
statistical_population_data_167,2011,182028,,福井県,敦賀市,,,,74,74,697,314,383,
statistical_population_data_168,2011,182028,,福井県,敦賀市,,,,75,75,693,284,409,
statistical_population_data_169,2011,182028,,福井県,敦賀市,,,,76,76,614,251,363,
statistical_population_data_170,2011,182028,,福井県,敦賀市,,,,77,77,618,246,372,
statistical_population_data_171,2011,182028,,福井県,敦賀市,,,,78,78,619,260,359,
statistical_population_data_172,2011,182028,,福井県,敦賀市,,,,79,79,671,271,400,
statistical_population_data_173,2011,182028,,福井県,敦賀市,,,,80,80,636,281,355,
statistical_population_data_174,2011,182028,,福井県,敦賀市,,,,81,81,584,253,331,
statistical_population_data_175,2011,182028,,福井県,敦賀市,,,,82,82,559,232,327,
statistical_population_data_176,2011,182028,,福井県,敦賀市,,,,83,83,484,170,314,
statistical_population_data_177,2011,182028,,福井県,敦賀市,,,,84,84,436,162,274,
statistical_population_data_178,2011,182028,,福井県,敦賀市,,,,85,85,391,133,258,
statistical_population_data_179,2011,182028,,福井県,敦賀市,,,,86,86,398,124,274,
statistical_population_data_180,2011,182028,,福井県,敦賀市,,,,87,87,267,84,183,
statistical_population_data_181,2011,182028,,福井県,敦賀市,,,,88,88,239,63,176,
statistical_population_data_182,2011,182028,,福井県,敦賀市,,,,89,89,214,45,169,
statistical_population_data_183,2011,182028,,福井県,敦賀市,,,,90,,818,183,635,
statistical_population_data_184,2011,182028,,福井県,敦賀市,,,,0,,69170,33974,35196,
statistical_population_data_185,2012,182028,,福井県,敦賀市,,,,0,0,581,302,279,
statistical_population_data_186,2012,182028,,福井県,敦賀市,,,,1,1,656,324,332,
statistical_population_data_187,2012,182028,,福井県,敦賀市,,,,2,2,657,355,302,
statistical_population_data_188,2012,182028,,福井県,敦賀市,,,,3,3,616,318,298,
statistical_population_data_189,2012,182028,,福井県,敦賀市,,,,4,4,656,320,336,
statistical_population_data_190,2012,182028,,福井県,敦賀市,,,,5,5,660,344,316,
statistical_population_data_191,2012,182028,,福井県,敦賀市,,,,6,6,658,361,297,
statistical_population_data_192,2012,182028,,福井県,敦賀市,,,,7,7,601,307,294,
statistical_population_data_193,2012,182028,,福井県,敦賀市,,,,8,8,672,338,334,
statistical_population_data_194,2012,182028,,福井県,敦賀市,,,,9,9,677,346,331,
statistical_population_data_195,2012,182028,,福井県,敦賀市,,,,10,10,642,319,323,
statistical_population_data_196,2012,182028,,福井県,敦賀市,,,,11,11,705,357,348,
statistical_population_data_197,2012,182028,,福井県,敦賀市,,,,12,12,683,364,319,
statistical_population_data_198,2012,182028,,福井県,敦賀市,,,,13,13,716,389,327,
statistical_population_data_199,2012,182028,,福井県,敦賀市,,,,14,14,722,375,347,
statistical_population_data_200,2012,182028,,福井県,敦賀市,,,,15,15,717,368,349,
statistical_population_data_201,2012,182028,,福井県,敦賀市,,,,16,16,652,350,302,
statistical_population_data_202,2012,182028,,福井県,敦賀市,,,,17,17,681,368,313,
statistical_population_data_203,2012,182028,,福井県,敦賀市,,,,18,18,665,350,315,
statistical_population_data_204,2012,182028,,福井県,敦賀市,,,,19,19,663,340,323,
statistical_population_data_205,2012,182028,,福井県,敦賀市,,,,20,20,619,306,313,
statistical_population_data_206,2012,182028,,福井県,敦賀市,,,,21,21,643,338,305,
statistical_population_data_207,2012,182028,,福井県,敦賀市,,,,22,22,692,359,333,
statistical_population_data_208,2012,182028,,福井県,敦賀市,,,,23,23,698,386,312,
statistical_population_data_209,2012,182028,,福井県,敦賀市,,,,24,24,642,328,314,
statistical_population_data_210,2012,182028,,福井県,敦賀市,,,,25,25,718,369,349,
statistical_population_data_211,2012,182028,,福井県,敦賀市,,,,26,26,704,379,325,
statistical_population_data_212,2012,182028,,福井県,敦賀市,,,,27,27,788,396,392,
statistical_population_data_213,2012,182028,,福井県,敦賀市,,,,28,28,772,393,379,
statistical_population_data_214,2012,182028,,福井県,敦賀市,,,,29,29,772,391,381,
statistical_population_data_215,2012,182028,,福井県,敦賀市,,,,30,30,739,383,356,
statistical_population_data_216,2012,182028,,福井県,敦賀市,,,,31,31,845,428,417,
statistical_population_data_217,2012,182028,,福井県,敦賀市,,,,32,32,821,422,399,
statistical_population_data_218,2012,182028,,福井県,敦賀市,,,,33,33,828,410,418,
statistical_population_data_219,2012,182028,,福井県,敦賀市,,,,34,34,863,462,401,
statistical_population_data_220,2012,182028,,福井県,敦賀市,,,,35,35,904,469,435,
statistical_population_data_221,2012,182028,,福井県,敦賀市,,,,36,36,1024,519,505,
statistical_population_data_222,2012,182028,,福井県,敦賀市,,,,37,37,1016,514,502,
statistical_population_data_223,2012,182028,,福井県,敦賀市,,,,38,38,1016,515,501,
statistical_population_data_224,2012,182028,,福井県,敦賀市,,,,39,39,1087,545,542,
statistical_population_data_225,2012,182028,,福井県,敦賀市,,,,40,40,1048,523,525,
statistical_population_data_226,2012,182028,,福井県,敦賀市,,,,41,41,957,495,462,
statistical_population_data_227,2012,182028,,福井県,敦賀市,,,,42,42,922,463,459,
statistical_population_data_228,2012,182028,,福井県,敦賀市,,,,43,43,906,463,443,
statistical_population_data_229,2012,182028,,福井県,敦賀市,,,,44,44,900,470,430,
statistical_population_data_230,2012,182028,,福井県,敦賀市,,,,45,45,913,462,451,
statistical_population_data_231,2012,182028,,福井県,敦賀市,,,,46,46,668,345,323,
statistical_population_data_232,2012,182028,,福井県,敦賀市,,,,47,47,878,452,426,
statistical_population_data_233,2012,182028,,福井県,敦賀市,,,,48,48,882,440,442,
statistical_population_data_234,2012,182028,,福井県,敦賀市,,,,49,49,842,429,413,
statistical_population_data_235,2012,182028,,福井県,敦賀市,,,,50,50,867,429,438,
statistical_population_data_236,2012,182028,,福井県,敦賀市,,,,51,51,847,460,387,
statistical_population_data_237,2012,182028,,福井県,敦賀市,,,,52,52,870,439,431,
statistical_population_data_238,2012,182028,,福井県,敦賀市,,,,53,53,939,488,451,
statistical_population_data_239,2012,182028,,福井県,敦賀市,,,,54,54,871,462,409,
statistical_population_data_240,2012,182028,,福井県,敦賀市,,,,55,55,840,434,406,
statistical_population_data_241,2012,182028,,福井県,敦賀市,,,,56,56,943,472,471,
statistical_population_data_242,2012,182028,,福井県,敦賀市,,,,57,57,958,496,462,
statistical_population_data_243,2012,182028,,福井県,敦賀市,,,,58,58,873,460,413,
statistical_population_data_244,2012,182028,,福井県,敦賀市,,,,59,59,970,490,480,
statistical_population_data_245,2012,182028,,福井県,敦賀市,,,,60,60,973,489,484,
statistical_population_data_246,2012,182028,,福井県,敦賀市,,,,61,61,1007,505,502,
statistical_population_data_247,2012,182028,,福井県,敦賀市,,,,62,62,1160,558,602,
statistical_population_data_248,2012,182028,,福井県,敦賀市,,,,63,63,1258,651,607,
statistical_population_data_249,2012,182028,,福井県,敦賀市,,,,64,64,1181,575,606,
statistical_population_data_250,2012,182028,,福井県,敦賀市,,,,65,65,1070,531,539,
statistical_population_data_251,2012,182028,,福井県,敦賀市,,,,66,66,602,290,312,
statistical_population_data_252,2012,182028,,福井県,敦賀市,,,,67,67,690,346,344,
statistical_population_data_253,2012,182028,,福井県,敦賀市,,,,68,68,808,372,436,
statistical_population_data_254,2012,182028,,福井県,敦賀市,,,,69,69,835,398,437,
statistical_population_data_255,2012,182028,,福井県,敦賀市,,,,70,70,808,381,427,
statistical_population_data_256,2012,182028,,福井県,敦賀市,,,,71,71,725,348,377,
statistical_population_data_257,2012,182028,,福井県,敦賀市,,,,72,72,669,306,363,
statistical_population_data_258,2012,182028,,福井県,敦賀市,,,,73,73,574,267,307,
statistical_population_data_259,2012,182028,,福井県,敦賀市,,,,74,74,624,273,351,
statistical_population_data_260,2012,182028,,福井県,敦賀市,,,,75,75,687,308,379,
statistical_population_data_261,2012,182028,,福井県,敦賀市,,,,76,76,672,268,404,
statistical_population_data_262,2012,182028,,福井県,敦賀市,,,,77,77,595,238,357,
statistical_population_data_263,2012,182028,,福井県,敦賀市,,,,78,78,605,243,362,
statistical_population_data_264,2012,182028,,福井県,敦賀市,,,,79,79,608,252,356,
statistical_population_data_265,2012,182028,,福井県,敦賀市,,,,80,80,650,259,391,
statistical_population_data_266,2012,182028,,福井県,敦賀市,,,,81,81,626,273,353,
statistical_population_data_267,2012,182028,,福井県,敦賀市,,,,82,82,554,231,323,
statistical_population_data_268,2012,182028,,福井県,敦賀市,,,,83,83,528,215,313,
statistical_population_data_269,2012,182028,,福井県,敦賀市,,,,84,84,450,156,294,
statistical_population_data_270,2012,182028,,福井県,敦賀市,,,,85,85,407,148,259,
statistical_population_data_271,2012,182028,,福井県,敦賀市,,,,86,86,371,124,247,
statistical_population_data_272,2012,182028,,福井県,敦賀市,,,,87,87,379,115,264,
statistical_population_data_273,2012,182028,,福井県,敦賀市,,,,88,88,238,77,161,
statistical_population_data_274,2012,182028,,福井県,敦賀市,,,,89,89,210,56,154,
statistical_population_data_275,2012,182028,,福井県,敦賀市,,,,90,,859,178,681,
statistical_population_data_276,2012,182028,,福井県,敦賀市,,,,0,,68788,33810,34978,
statistical_population_data_277,2013,182028,,福井県,敦賀市,,,,0,0,583,278,305,
statistical_population_data_278,2013,182028,,福井県,敦賀市,,,,1,1,589,312,277,
statistical_population_data_279,2013,182028,,福井県,敦賀市,,,,2,2,644,316,328,
statistical_population_data_280,2013,182028,,福井県,敦賀市,,,,3,3,646,344,302,
statistical_population_data_281,2013,182028,,福井県,敦賀市,,,,4,4,608,312,296,
statistical_population_data_282,2013,182028,,福井県,敦賀市,,,,5,5,645,312,333,
statistical_population_data_283,2013,182028,,福井県,敦賀市,,,,6,6,661,343,318,
statistical_population_data_284,2013,182028,,福井県,敦賀市,,,,7,7,655,361,294,
statistical_population_data_285,2013,182028,,福井県,敦賀市,,,,8,8,593,304,289,
statistical_population_data_286,2013,182028,,福井県,敦賀市,,,,9,9,669,330,339,
statistical_population_data_287,2013,182028,,福井県,敦賀市,,,,10,10,672,342,330,
statistical_population_data_288,2013,182028,,福井県,敦賀市,,,,11,11,643,320,323,
statistical_population_data_289,2013,182028,,福井県,敦賀市,,,,12,12,705,356,349,
statistical_population_data_290,2013,182028,,福井県,敦賀市,,,,13,13,682,359,323,
statistical_population_data_291,2013,182028,,福井県,敦賀市,,,,14,14,710,384,326,
statistical_population_data_292,2013,182028,,福井県,敦賀市,,,,15,15,713,371,342,
statistical_population_data_293,2013,182028,,福井県,敦賀市,,,,16,16,718,369,349,
statistical_population_data_294,2013,182028,,福井県,敦賀市,,,,17,17,652,347,305,
statistical_population_data_295,2013,182028,,福井県,敦賀市,,,,18,18,662,355,307,
statistical_population_data_296,2013,182028,,福井県,敦賀市,,,,19,19,634,332,302,
statistical_population_data_297,2013,182028,,福井県,敦賀市,,,,20,20,639,325,314,
statistical_population_data_298,2013,182028,,福井県,敦賀市,,,,21,21,614,307,307,
statistical_population_data_299,2013,182028,,福井県,敦賀市,,,,22,22,609,323,286,
statistical_population_data_300,2013,182028,,福井県,敦賀市,,,,23,23,688,362,326,
statistical_population_data_301,2013,182028,,福井県,敦賀市,,,,24,24,687,392,295,
statistical_population_data_302,2013,182028,,福井県,敦賀市,,,,25,25,631,328,303,
statistical_population_data_303,2013,182028,,福井県,敦賀市,,,,26,26,713,372,341,
statistical_population_data_304,2013,182028,,福井県,敦賀市,,,,27,27,719,393,326,
statistical_population_data_305,2013,182028,,福井県,敦賀市,,,,28,28,779,384,395,
statistical_population_data_306,2013,182028,,福井県,敦賀市,,,,29,29,765,394,371,
statistical_population_data_307,2013,182028,,福井県,敦賀市,,,,30,30,759,377,382,
statistical_population_data_308,2013,182028,,福井県,敦賀市,,,,31,31,727,382,345,
statistical_population_data_309,2013,182028,,福井県,敦賀市,,,,32,32,835,418,417,
statistical_population_data_310,2013,182028,,福井県,敦賀市,,,,33,33,827,426,401,
statistical_population_data_311,2013,182028,,福井県,敦賀市,,,,34,34,817,410,407,
statistical_population_data_312,2013,182028,,福井県,敦賀市,,,,35,35,839,449,390,
statistical_population_data_313,2013,182028,,福井県,敦賀市,,,,36,36,881,457,424,
statistical_population_data_314,2013,182028,,福井県,敦賀市,,,,37,37,1005,505,500,
statistical_population_data_315,2013,182028,,福井県,敦賀市,,,,38,38,1014,513,501,
statistical_population_data_316,2013,182028,,福井県,敦賀市,,,,39,39,1014,510,504,
statistical_population_data_317,2013,182028,,福井県,敦賀市,,,,40,40,1082,543,539,
statistical_population_data_318,2013,182028,,福井県,敦賀市,,,,41,41,1044,519,525,
statistical_population_data_319,2013,182028,,福井県,敦賀市,,,,42,42,938,488,450,
statistical_population_data_320,2013,182028,,福井県,敦賀市,,,,43,43,917,463,454,
statistical_population_data_321,2013,182028,,福井県,敦賀市,,,,44,44,900,463,437,
statistical_population_data_322,2013,182028,,福井県,敦賀市,,,,45,45,903,472,431,
statistical_population_data_323,2013,182028,,福井県,敦賀市,,,,46,46,923,463,460,
statistical_population_data_324,2013,182028,,福井県,敦賀市,,,,47,47,652,335,317,
statistical_population_data_325,2013,182028,,福井県,敦賀市,,,,48,48,866,446,420,
statistical_population_data_326,2013,182028,,福井県,敦賀市,,,,49,49,887,449,438,
statistical_population_data_327,2013,182028,,福井県,敦賀市,,,,50,50,832,420,412,
statistical_population_data_328,2013,182028,,福井県,敦賀市,,,,51,51,858,425,433,
statistical_population_data_329,2013,182028,,福井県,敦賀市,,,,52,52,841,455,386,
statistical_population_data_330,2013,182028,,福井県,敦賀市,,,,53,53,875,442,433,
statistical_population_data_331,2013,182028,,福井県,敦賀市,,,,54,54,918,475,443,
statistical_population_data_332,2013,182028,,福井県,敦賀市,,,,55,55,870,460,410,
statistical_population_data_333,2013,182028,,福井県,敦賀市,,,,56,56,835,430,405,
statistical_population_data_334,2013,182028,,福井県,敦賀市,,,,57,57,941,472,469,
statistical_population_data_335,2013,182028,,福井県,敦賀市,,,,58,58,948,485,463,
statistical_population_data_336,2013,182028,,福井県,敦賀市,,,,59,59,862,454,408,
statistical_population_data_337,2013,182028,,福井県,敦賀市,,,,60,60,975,489,486,
statistical_population_data_338,2013,182028,,福井県,敦賀市,,,,61,61,965,482,483,
statistical_population_data_339,2013,182028,,福井県,敦賀市,,,,62,62,994,501,493,
statistical_population_data_340,2013,182028,,福井県,敦賀市,,,,63,63,1144,548,596,
statistical_population_data_341,2013,182028,,福井県,敦賀市,,,,64,64,1250,642,608,
statistical_population_data_342,2013,182028,,福井県,敦賀市,,,,65,65,1171,572,599,
statistical_population_data_343,2013,182028,,福井県,敦賀市,,,,66,66,1056,517,539,
statistical_population_data_344,2013,182028,,福井県,敦賀市,,,,67,67,600,286,314,
statistical_population_data_345,2013,182028,,福井県,敦賀市,,,,68,68,671,335,336,
statistical_population_data_346,2013,182028,,福井県,敦賀市,,,,69,69,795,365,430,
statistical_population_data_347,2013,182028,,福井県,敦賀市,,,,70,70,831,392,439,
statistical_population_data_348,2013,182028,,福井県,敦賀市,,,,71,71,793,369,424,
statistical_population_data_349,2013,182028,,福井県,敦賀市,,,,72,72,715,344,371,
statistical_population_data_350,2013,182028,,福井県,敦賀市,,,,73,73,662,299,363,
statistical_population_data_351,2013,182028,,福井県,敦賀市,,,,74,74,565,262,303,
statistical_population_data_352,2013,182028,,福井県,敦賀市,,,,75,75,606,269,337,
statistical_population_data_353,2013,182028,,福井県,敦賀市,,,,76,76,674,297,377,
statistical_population_data_354,2013,182028,,福井県,敦賀市,,,,77,77,657,261,396,
statistical_population_data_355,2013,182028,,福井県,敦賀市,,,,78,78,573,227,346,
statistical_population_data_356,2013,182028,,福井県,敦賀市,,,,79,79,588,227,361,
statistical_population_data_357,2013,182028,,福井県,敦賀市,,,,80,80,581,237,344,
statistical_population_data_358,2013,182028,,福井県,敦賀市,,,,81,81,628,244,384,
statistical_population_data_359,2013,182028,,福井県,敦賀市,,,,82,82,599,256,343,
statistical_population_data_360,2013,182028,,福井県,敦賀市,,,,83,83,525,216,309,
statistical_population_data_361,2013,182028,,福井県,敦賀市,,,,84,84,494,191,303,
statistical_population_data_362,2013,182028,,福井県,敦賀市,,,,85,85,415,138,277,
statistical_population_data_363,2013,182028,,福井県,敦賀市,,,,86,86,371,129,242,
statistical_population_data_364,2013,182028,,福井県,敦賀市,,,,87,87,338,112,226,
statistical_population_data_365,2013,182028,,福井県,敦賀市,,,,88,88,347,99,248,
statistical_population_data_366,2013,182028,,福井県,敦賀市,,,,89,89,217,71,146,
statistical_population_data_367,2013,182028,,福井県,敦賀市,,,,90,,908,200,708,
statistical_population_data_368,2013,182028,,福井県,敦賀市,,,,0,,68246,33510,34736,
statistical_population_data_369,2014,182028,,福井県,敦賀市,,,,0,0,575,300,275,
statistical_population_data_370,2014,182028,,福井県,敦賀市,,,,1,1,589,285,304,
statistical_population_data_371,2014,182028,,福井県,敦賀市,,,,2,2,586,309,277,
statistical_population_data_372,2014,182028,,福井県,敦賀市,,,,3,3,629,314,315,
statistical_population_data_373,2014,182028,,福井県,敦賀市,,,,4,4,628,333,295,
statistical_population_data_374,2014,182028,,福井県,敦賀市,,,,5,5,604,308,296,
statistical_population_data_375,2014,182028,,福井県,敦賀市,,,,6,6,630,300,330,
statistical_population_data_376,2014,182028,,福井県,敦賀市,,,,7,7,652,339,313,
statistical_population_data_377,2014,182028,,福井県,敦賀市,,,,8,8,655,363,292,
statistical_population_data_378,2014,182028,,福井県,敦賀市,,,,9,9,594,304,290,
statistical_population_data_379,2014,182028,,福井県,敦賀市,,,,10,10,661,329,332,
statistical_population_data_380,2014,182028,,福井県,敦賀市,,,,11,11,673,343,330,
statistical_population_data_381,2014,182028,,福井県,敦賀市,,,,12,12,641,318,323,
statistical_population_data_382,2014,182028,,福井県,敦賀市,,,,13,13,708,356,352,
statistical_population_data_383,2014,182028,,福井県,敦賀市,,,,14,14,678,357,321,
statistical_population_data_384,2014,182028,,福井県,敦賀市,,,,15,15,709,385,324,
statistical_population_data_385,2014,182028,,福井県,敦賀市,,,,16,16,709,372,337,
statistical_population_data_386,2014,182028,,福井県,敦賀市,,,,17,17,719,366,353,
statistical_population_data_387,2014,182028,,福井県,敦賀市,,,,18,18,630,332,298,
statistical_population_data_388,2014,182028,,福井県,敦賀市,,,,19,19,632,327,305,
statistical_population_data_389,2014,182028,,福井県,敦賀市,,,,20,20,623,332,291,
statistical_population_data_390,2014,182028,,福井県,敦賀市,,,,21,21,623,318,305,
statistical_population_data_391,2014,182028,,福井県,敦賀市,,,,22,22,611,313,298,
statistical_population_data_392,2014,182028,,福井県,敦賀市,,,,23,23,593,323,270,
statistical_population_data_393,2014,182028,,福井県,敦賀市,,,,24,24,668,346,322,
statistical_population_data_394,2014,182028,,福井県,敦賀市,,,,25,25,672,371,301,
statistical_population_data_395,2014,182028,,福井県,敦賀市,,,,26,26,620,322,298,
statistical_population_data_396,2014,182028,,福井県,敦賀市,,,,27,27,708,370,338,
statistical_population_data_397,2014,182028,,福井県,敦賀市,,,,28,28,713,382,331,
statistical_population_data_398,2014,182028,,福井県,敦賀市,,,,29,29,801,406,395,
statistical_population_data_399,2014,182028,,福井県,敦賀市,,,,30,30,754,379,375,
statistical_population_data_400,2014,182028,,福井県,敦賀市,,,,31,31,768,385,383,
statistical_population_data_401,2014,182028,,福井県,敦賀市,,,,32,32,729,386,343,
statistical_population_data_402,2014,182028,,福井県,敦賀市,,,,33,33,838,418,420,
statistical_population_data_403,2014,182028,,福井県,敦賀市,,,,34,34,794,405,389,
statistical_population_data_404,2014,182028,,福井県,敦賀市,,,,35,35,822,416,406,
statistical_population_data_405,2014,182028,,福井県,敦賀市,,,,36,36,837,447,390,
statistical_population_data_406,2014,182028,,福井県,敦賀市,,,,37,37,877,450,427,
statistical_population_data_407,2014,182028,,福井県,敦賀市,,,,38,38,994,508,486,
statistical_population_data_408,2014,182028,,福井県,敦賀市,,,,39,39,1010,514,496,
statistical_population_data_409,2014,182028,,福井県,敦賀市,,,,40,40,1020,511,509,
statistical_population_data_410,2014,182028,,福井県,敦賀市,,,,41,41,1076,538,538,
statistical_population_data_411,2014,182028,,福井県,敦賀市,,,,42,42,1044,521,523,
statistical_population_data_412,2014,182028,,福井県,敦賀市,,,,43,43,944,486,458,
statistical_population_data_413,2014,182028,,福井県,敦賀市,,,,44,44,906,453,453,
statistical_population_data_414,2014,182028,,福井県,敦賀市,,,,45,45,901,468,433,
statistical_population_data_415,2014,182028,,福井県,敦賀市,,,,46,46,892,464,428,
statistical_population_data_416,2014,182028,,福井県,敦賀市,,,,47,47,920,459,461,
statistical_population_data_417,2014,182028,,福井県,敦賀市,,,,48,48,646,329,317,
statistical_population_data_418,2014,182028,,福井県,敦賀市,,,,49,49,854,439,415,
statistical_population_data_419,2014,182028,,福井県,敦賀市,,,,50,50,879,446,433,
statistical_population_data_420,2014,182028,,福井県,敦賀市,,,,51,51,829,417,412,
statistical_population_data_421,2014,182028,,福井県,敦賀市,,,,52,52,851,418,433,
statistical_population_data_422,2014,182028,,福井県,敦賀市,,,,53,53,829,449,380,
statistical_population_data_423,2014,182028,,福井県,敦賀市,,,,54,54,860,431,429,
statistical_population_data_424,2014,182028,,福井県,敦賀市,,,,55,55,908,468,440,
statistical_population_data_425,2014,182028,,福井県,敦賀市,,,,56,56,869,464,405,
statistical_population_data_426,2014,182028,,福井県,敦賀市,,,,57,57,827,422,405,
statistical_population_data_427,2014,182028,,福井県,敦賀市,,,,58,58,929,464,465,
statistical_population_data_428,2014,182028,,福井県,敦賀市,,,,59,59,943,482,461,
statistical_population_data_429,2014,182028,,福井県,敦賀市,,,,60,60,858,452,406,
statistical_population_data_430,2014,182028,,福井県,敦賀市,,,,61,61,974,484,490,
statistical_population_data_431,2014,182028,,福井県,敦賀市,,,,62,62,967,488,479,
statistical_population_data_432,2014,182028,,福井県,敦賀市,,,,63,63,993,499,494,
statistical_population_data_433,2014,182028,,福井県,敦賀市,,,,64,64,1143,548,595,
statistical_population_data_434,2014,182028,,福井県,敦賀市,,,,65,65,1235,634,601,
statistical_population_data_435,2014,182028,,福井県,敦賀市,,,,66,66,1167,569,598,
statistical_population_data_436,2014,182028,,福井県,敦賀市,,,,67,67,1050,510,540,
statistical_population_data_437,2014,182028,,福井県,敦賀市,,,,68,68,592,280,312,
statistical_population_data_438,2014,182028,,福井県,敦賀市,,,,69,69,666,333,333,
statistical_population_data_439,2014,182028,,福井県,敦賀市,,,,70,70,786,360,426,
statistical_population_data_440,2014,182028,,福井県,敦賀市,,,,71,71,821,384,437,
statistical_population_data_441,2014,182028,,福井県,敦賀市,,,,72,72,781,363,418,
statistical_population_data_442,2014,182028,,福井県,敦賀市,,,,73,73,707,340,367,
statistical_population_data_443,2014,182028,,福井県,敦賀市,,,,74,74,650,290,360,
statistical_population_data_444,2014,182028,,福井県,敦賀市,,,,75,75,550,251,299,
statistical_population_data_445,2014,182028,,福井県,敦賀市,,,,76,76,601,266,335,
statistical_population_data_446,2014,182028,,福井県,敦賀市,,,,77,77,662,288,374,
statistical_population_data_447,2014,182028,,福井県,敦賀市,,,,78,78,637,250,387,
statistical_population_data_448,2014,182028,,福井県,敦賀市,,,,79,79,553,214,339,
statistical_population_data_449,2014,182028,,福井県,敦賀市,,,,80,80,569,216,353,
statistical_population_data_450,2014,182028,,福井県,敦賀市,,,,81,81,560,228,332,
statistical_population_data_451,2014,182028,,福井県,敦賀市,,,,82,82,604,227,377,
statistical_population_data_452,2014,182028,,福井県,敦賀市,,,,83,83,567,232,335,
statistical_population_data_453,2014,182028,,福井県,敦賀市,,,,84,84,493,192,301,
statistical_population_data_454,2014,182028,,福井県,敦賀市,,,,85,85,463,174,289,
statistical_population_data_455,2014,182028,,福井県,敦賀市,,,,86,86,387,126,261,
statistical_population_data_456,2014,182028,,福井県,敦賀市,,,,87,87,344,120,224,
statistical_population_data_457,2014,182028,,福井県,敦賀市,,,,88,88,307,100,207,
statistical_population_data_458,2014,182028,,福井県,敦賀市,,,,89,89,324,93,231,
statistical_population_data_459,2014,182028,,福井県,敦賀市,,,,90,,950,225,725,
statistical_population_data_460,2014,182028,,福井県,敦賀市,,,,0,,67845,33296,34549,
statistical_population_data_461,2015,182028,,福井県,敦賀市,,,,0,0,548,267,281,
statistical_population_data_462,2015,182028,,福井県,敦賀市,,,,1,1,566,294,272,
statistical_population_data_463,2015,182028,,福井県,敦賀市,,,,2,2,577,282,295,
statistical_population_data_464,2015,182028,,福井県,敦賀市,,,,3,3,574,301,273,
statistical_population_data_465,2015,182028,,福井県,敦賀市,,,,4,4,610,302,308,
statistical_population_data_466,2015,182028,,福井県,敦賀市,,,,5,5,627,334,293,
statistical_population_data_467,2015,182028,,福井県,敦賀市,,,,6,6,595,300,295,
statistical_population_data_468,2015,182028,,福井県,敦賀市,,,,7,7,625,295,330,
statistical_population_data_469,2015,182028,,福井県,敦賀市,,,,8,8,646,335,311,
statistical_population_data_470,2015,182028,,福井県,敦賀市,,,,9,9,655,368,287,
statistical_population_data_471,2015,182028,,福井県,敦賀市,,,,10,10,594,305,289,
statistical_population_data_472,2015,182028,,福井県,敦賀市,,,,11,11,654,325,329,
statistical_population_data_473,2015,182028,,福井県,敦賀市,,,,12,12,671,343,328,
statistical_population_data_474,2015,182028,,福井県,敦賀市,,,,13,13,642,321,321,
statistical_population_data_475,2015,182028,,福井県,敦賀市,,,,14,14,703,357,346,
statistical_population_data_476,2015,182028,,福井県,敦賀市,,,,15,15,678,357,321,
statistical_population_data_477,2015,182028,,福井県,敦賀市,,,,16,16,707,383,324,
statistical_population_data_478,2015,182028,,福井県,敦賀市,,,,17,17,712,373,339,
statistical_population_data_479,2015,182028,,福井県,敦賀市,,,,18,18,701,361,340,
statistical_population_data_480,2015,182028,,福井県,敦賀市,,,,19,19,599,322,277,
statistical_population_data_481,2015,182028,,福井県,敦賀市,,,,20,20,621,327,294,
statistical_population_data_482,2015,182028,,福井県,敦賀市,,,,21,21,604,328,276,
statistical_population_data_483,2015,182028,,福井県,敦賀市,,,,22,22,605,313,292,
statistical_population_data_484,2015,182028,,福井県,敦賀市,,,,23,23,582,310,272,
statistical_population_data_485,2015,182028,,福井県,敦賀市,,,,24,24,586,320,266,
statistical_population_data_486,2015,182028,,福井県,敦賀市,,,,25,25,689,352,337,
statistical_population_data_487,2015,182028,,福井県,敦賀市,,,,26,26,667,365,302,
statistical_population_data_488,2015,182028,,福井県,敦賀市,,,,27,27,618,314,304,
statistical_population_data_489,2015,182028,,福井県,敦賀市,,,,28,28,718,383,335,
statistical_population_data_490,2015,182028,,福井県,敦賀市,,,,29,29,704,381,323,
statistical_population_data_491,2015,182028,,福井県,敦賀市,,,,30,30,779,379,400,
statistical_population_data_492,2015,182028,,福井県,敦賀市,,,,31,31,739,371,368,
statistical_population_data_493,2015,182028,,福井県,敦賀市,,,,32,32,749,378,371,
statistical_population_data_494,2015,182028,,福井県,敦賀市,,,,33,33,727,384,343,
statistical_population_data_495,2015,182028,,福井県,敦賀市,,,,34,34,822,410,412,
statistical_population_data_496,2015,182028,,福井県,敦賀市,,,,35,35,781,406,375,
statistical_population_data_497,2015,182028,,福井県,敦賀市,,,,36,36,801,402,399,
statistical_population_data_498,2015,182028,,福井県,敦賀市,,,,37,37,847,456,391,
statistical_population_data_499,2015,182028,,福井県,敦賀市,,,,38,38,865,443,422,
statistical_population_data_500,2015,182028,,福井県,敦賀市,,,,39,39,986,499,487,
statistical_population_data_501,2015,182028,,福井県,敦賀市,,,,40,40,1001,511,490,
statistical_population_data_502,2015,182028,,福井県,敦賀市,,,,41,41,1005,513,492,
statistical_population_data_503,2015,182028,,福井県,敦賀市,,,,42,42,1070,542,528,
statistical_population_data_504,2015,182028,,福井県,敦賀市,,,,43,43,1043,522,521,
statistical_population_data_505,2015,182028,,福井県,敦賀市,,,,44,44,935,478,457,
statistical_population_data_506,2015,182028,,福井県,敦賀市,,,,45,45,907,453,454,
statistical_population_data_507,2015,182028,,福井県,敦賀市,,,,46,46,901,466,435,
statistical_population_data_508,2015,182028,,福井県,敦賀市,,,,47,47,888,457,431,
statistical_population_data_509,2015,182028,,福井県,敦賀市,,,,48,48,915,456,459,
statistical_population_data_510,2015,182028,,福井県,敦賀市,,,,49,49,646,333,313,
statistical_population_data_511,2015,182028,,福井県,敦賀市,,,,50,50,855,442,413,
statistical_population_data_512,2015,182028,,福井県,敦賀市,,,,51,51,870,439,431,
statistical_population_data_513,2015,182028,,福井県,敦賀市,,,,52,52,820,410,410,
statistical_population_data_514,2015,182028,,福井県,敦賀市,,,,53,53,852,422,430,
statistical_population_data_515,2015,182028,,福井県,敦賀市,,,,54,54,828,446,382,
statistical_population_data_516,2015,182028,,福井県,敦賀市,,,,55,55,857,430,427,
statistical_population_data_517,2015,182028,,福井県,敦賀市,,,,56,56,907,470,437,
statistical_population_data_518,2015,182028,,福井県,敦賀市,,,,57,57,854,453,401,
statistical_population_data_519,2015,182028,,福井県,敦賀市,,,,58,58,823,421,402,
statistical_population_data_520,2015,182028,,福井県,敦賀市,,,,59,59,935,466,469,
statistical_population_data_521,2015,182028,,福井県,敦賀市,,,,60,60,933,479,454,
statistical_population_data_522,2015,182028,,福井県,敦賀市,,,,61,61,853,450,403,
statistical_population_data_523,2015,182028,,福井県,敦賀市,,,,62,62,962,477,485,
statistical_population_data_524,2015,182028,,福井県,敦賀市,,,,63,63,961,485,476,
statistical_population_data_525,2015,182028,,福井県,敦賀市,,,,64,64,986,493,493,
statistical_population_data_526,2015,182028,,福井県,敦賀市,,,,65,65,1128,538,590,
statistical_population_data_527,2015,182028,,福井県,敦賀市,,,,66,66,1226,627,599,
statistical_population_data_528,2015,182028,,福井県,敦賀市,,,,67,67,1154,564,590,
statistical_population_data_529,2015,182028,,福井県,敦賀市,,,,68,68,1047,506,541,
statistical_population_data_530,2015,182028,,福井県,敦賀市,,,,69,69,583,274,309,
statistical_population_data_531,2015,182028,,福井県,敦賀市,,,,70,70,654,329,325,
statistical_population_data_532,2015,182028,,福井県,敦賀市,,,,71,71,776,355,421,
statistical_population_data_533,2015,182028,,福井県,敦賀市,,,,72,72,810,379,431,
statistical_population_data_534,2015,182028,,福井県,敦賀市,,,,73,73,768,356,412,
statistical_population_data_535,2015,182028,,福井県,敦賀市,,,,74,74,693,331,362,
statistical_population_data_536,2015,182028,,福井県,敦賀市,,,,75,75,632,275,357,
statistical_population_data_537,2015,182028,,福井県,敦賀市,,,,76,76,536,238,298,
statistical_population_data_538,2015,182028,,福井県,敦賀市,,,,77,77,593,263,330,
statistical_population_data_539,2015,182028,,福井県,敦賀市,,,,78,78,642,275,367,
statistical_population_data_540,2015,182028,,福井県,敦賀市,,,,79,79,622,242,380,
statistical_population_data_541,2015,182028,,福井県,敦賀市,,,,80,80,540,208,332,
statistical_population_data_542,2015,182028,,福井県,敦賀市,,,,81,81,540,202,338,
statistical_population_data_543,2015,182028,,福井県,敦賀市,,,,82,82,538,220,318,
statistical_population_data_544,2015,182028,,福井県,敦賀市,,,,83,83,579,212,367,
statistical_population_data_545,2015,182028,,福井県,敦賀市,,,,84,84,548,221,327,
statistical_population_data_546,2015,182028,,福井県,敦賀市,,,,85,85,468,182,286,
statistical_population_data_547,2015,182028,,福井県,敦賀市,,,,86,86,432,157,275,
statistical_population_data_548,2015,182028,,福井県,敦賀市,,,,87,87,358,113,245,
statistical_population_data_549,2015,182028,,福井県,敦賀市,,,,88,88,319,108,211,
statistical_population_data_550,2015,182028,,福井県,敦賀市,,,,89,89,277,87,190,
statistical_population_data_551,2015,182028,,福井県,敦賀市,,,,90,,1061,261,800,
statistical_population_data_552,2015,182028,,福井県,敦賀市,,,,0,,67305,33083,34222,
statistical_population_data_553,2016,182028,,福井県,敦賀市,,,,0,0,538,276,262,
statistical_population_data_554,2016,182028,,福井県,敦賀市,,,,1,1,567,279,288,
statistical_population_data_555,2016,182028,,福井県,敦賀市,,,,2,2,578,299,279,
statistical_population_data_556,2016,182028,,福井県,敦賀市,,,,3,3,570,275,295,
statistical_population_data_557,2016,182028,,福井県,敦賀市,,,,4,4,570,296,274,
statistical_population_data_558,2016,182028,,福井県,敦賀市,,,,5,5,616,307,309,
statistical_population_data_559,2016,182028,,福井県,敦賀市,,,,6,6,624,333,291,
statistical_population_data_560,2016,182028,,福井県,敦賀市,,,,7,7,590,297,293,
statistical_population_data_561,2016,182028,,福井県,敦賀市,,,,8,8,627,297,330,
statistical_population_data_562,2016,182028,,福井県,敦賀市,,,,9,9,637,329,308,
statistical_population_data_563,2016,182028,,福井県,敦賀市,,,,10,10,657,371,286,
statistical_population_data_564,2016,182028,,福井県,敦賀市,,,,11,11,594,305,289,
statistical_population_data_565,2016,182028,,福井県,敦賀市,,,,12,12,646,323,323,
statistical_population_data_566,2016,182028,,福井県,敦賀市,,,,13,13,665,339,326,
statistical_population_data_567,2016,182028,,福井県,敦賀市,,,,14,14,643,322,321,
statistical_population_data_568,2016,182028,,福井県,敦賀市,,,,15,15,706,360,346,
statistical_population_data_569,2016,182028,,福井県,敦賀市,,,,16,16,676,359,317,
statistical_population_data_570,2016,182028,,福井県,敦賀市,,,,17,17,709,383,326,
statistical_population_data_571,2016,182028,,福井県,敦賀市,,,,18,18,687,355,332,
statistical_population_data_572,2016,182028,,福井県,敦賀市,,,,19,19,687,348,339,
statistical_population_data_573,2016,182028,,福井県,敦賀市,,,,20,20,578,306,272,
statistical_population_data_574,2016,182028,,福井県,敦賀市,,,,21,21,618,328,290,
statistical_population_data_575,2016,182028,,福井県,敦賀市,,,,22,22,591,334,257,
statistical_population_data_576,2016,182028,,福井県,敦賀市,,,,23,23,629,337,292,
statistical_population_data_577,2016,182028,,福井県,敦賀市,,,,24,24,581,308,273,
statistical_population_data_578,2016,182028,,福井県,敦賀市,,,,25,25,584,319,265,
statistical_population_data_579,2016,182028,,福井県,敦賀市,,,,26,26,659,341,318,
statistical_population_data_580,2016,182028,,福井県,敦賀市,,,,27,27,662,354,308,
statistical_population_data_581,2016,182028,,福井県,敦賀市,,,,28,28,612,307,305,
statistical_population_data_582,2016,182028,,福井県,敦賀市,,,,29,29,725,386,339,
statistical_population_data_583,2016,182028,,福井県,敦賀市,,,,30,30,717,388,329,
statistical_population_data_584,2016,182028,,福井県,敦賀市,,,,31,31,763,368,395,
statistical_population_data_585,2016,182028,,福井県,敦賀市,,,,32,32,734,369,365,
statistical_population_data_586,2016,182028,,福井県,敦賀市,,,,33,33,753,385,368,
statistical_population_data_587,2016,182028,,福井県,敦賀市,,,,34,34,725,386,339,
statistical_population_data_588,2016,182028,,福井県,敦賀市,,,,35,35,810,401,409,
statistical_population_data_589,2016,182028,,福井県,敦賀市,,,,36,36,777,401,376,
statistical_population_data_590,2016,182028,,福井県,敦賀市,,,,37,37,811,408,403,
statistical_population_data_591,2016,182028,,福井県,敦賀市,,,,38,38,844,456,388,
statistical_population_data_592,2016,182028,,福井県,敦賀市,,,,39,39,865,443,422,
statistical_population_data_593,2016,182028,,福井県,敦賀市,,,,40,40,982,498,484,
statistical_population_data_594,2016,182028,,福井県,敦賀市,,,,41,41,996,510,486,
statistical_population_data_595,2016,182028,,福井県,敦賀市,,,,42,42,997,505,492,
statistical_population_data_596,2016,182028,,福井県,敦賀市,,,,43,43,1074,542,532,
statistical_population_data_597,2016,182028,,福井県,敦賀市,,,,44,44,1045,523,522,
statistical_population_data_598,2016,182028,,福井県,敦賀市,,,,45,45,933,478,455,
statistical_population_data_599,2016,182028,,福井県,敦賀市,,,,46,46,909,449,460,
statistical_population_data_600,2016,182028,,福井県,敦賀市,,,,47,47,899,464,435,
statistical_population_data_601,2016,182028,,福井県,敦賀市,,,,48,48,880,449,431,
statistical_population_data_602,2016,182028,,福井県,敦賀市,,,,49,49,910,452,458,
statistical_population_data_603,2016,182028,,福井県,敦賀市,,,,50,50,641,332,309,
statistical_population_data_604,2016,182028,,福井県,敦賀市,,,,51,51,856,447,409,
statistical_population_data_605,2016,182028,,福井県,敦賀市,,,,52,52,864,436,428,
statistical_population_data_606,2016,182028,,福井県,敦賀市,,,,53,53,822,413,409,
statistical_population_data_607,2016,182028,,福井県,敦賀市,,,,54,54,848,422,426,
statistical_population_data_608,2016,182028,,福井県,敦賀市,,,,55,55,824,448,376,
statistical_population_data_609,2016,182028,,福井県,敦賀市,,,,56,56,845,419,426,
statistical_population_data_610,2016,182028,,福井県,敦賀市,,,,57,57,910,472,438,
statistical_population_data_611,2016,182028,,福井県,敦賀市,,,,58,58,839,443,396,
statistical_population_data_612,2016,182028,,福井県,敦賀市,,,,59,59,810,410,400,
statistical_population_data_613,2016,182028,,福井県,敦賀市,,,,60,60,930,462,468,
statistical_population_data_614,2016,182028,,福井県,敦賀市,,,,61,61,921,472,449,
statistical_population_data_615,2016,182028,,福井県,敦賀市,,,,62,62,842,443,399,
statistical_population_data_616,2016,182028,,福井県,敦賀市,,,,63,63,960,476,484,
statistical_population_data_617,2016,182028,,福井県,敦賀市,,,,64,64,955,479,476,
statistical_population_data_618,2016,182028,,福井県,敦賀市,,,,65,65,978,488,490,
statistical_population_data_619,2016,182028,,福井県,敦賀市,,,,66,66,1123,535,588,
statistical_population_data_620,2016,182028,,福井県,敦賀市,,,,67,67,1209,618,591,
statistical_population_data_621,2016,182028,,福井県,敦賀市,,,,68,68,1141,555,586,
statistical_population_data_622,2016,182028,,福井県,敦賀市,,,,69,69,1028,494,534,
statistical_population_data_623,2016,182028,,福井県,敦賀市,,,,70,70,577,271,306,
statistical_population_data_624,2016,182028,,福井県,敦賀市,,,,71,71,641,319,322,
statistical_population_data_625,2016,182028,,福井県,敦賀市,,,,72,72,767,351,416,
statistical_population_data_626,2016,182028,,福井県,敦賀市,,,,73,73,798,367,431,
statistical_population_data_627,2016,182028,,福井県,敦賀市,,,,74,74,754,344,410,
statistical_population_data_628,2016,182028,,福井県,敦賀市,,,,75,75,680,322,358,
statistical_population_data_629,2016,182028,,福井県,敦賀市,,,,76,76,615,263,352,
statistical_population_data_630,2016,182028,,福井県,敦賀市,,,,77,77,530,234,296,
statistical_population_data_631,2016,182028,,福井県,敦賀市,,,,78,78,581,255,326,
statistical_population_data_632,2016,182028,,福井県,敦賀市,,,,79,79,620,264,356,
statistical_population_data_633,2016,182028,,福井県,敦賀市,,,,80,80,595,227,368,
statistical_population_data_634,2016,182028,,福井県,敦賀市,,,,81,81,526,202,324,
statistical_population_data_635,2016,182028,,福井県,敦賀市,,,,82,82,519,193,326,
statistical_population_data_636,2016,182028,,福井県,敦賀市,,,,83,83,515,206,309,
statistical_population_data_637,2016,182028,,福井県,敦賀市,,,,84,84,545,193,352,
statistical_population_data_638,2016,182028,,福井県,敦賀市,,,,85,85,506,199,307,
statistical_population_data_639,2016,182028,,福井県,敦賀市,,,,86,86,434,162,272,
statistical_population_data_640,2016,182028,,福井県,敦賀市,,,,87,87,404,140,264,
statistical_population_data_641,2016,182028,,福井県,敦賀市,,,,88,88,328,104,224,
statistical_population_data_642,2016,182028,,福井県,敦賀市,,,,89,89,278,92,186,
statistical_population_data_643,2016,182028,,福井県,敦賀市,,,,90,,1105,280,825,
statistical_population_data_644,2016,182028,,福井県,敦賀市,,,,0,,66914,32900,34014,
statistical_population_data_645,2017,182028,,福井県,敦賀市,,,,0,0,549,287,262,
statistical_population_data_646,2017,182028,,福井県,敦賀市,,,,1,1,545,282,263,
statistical_population_data_647,2017,182028,,福井県,敦賀市,,,,2,2,564,278,286,
statistical_population_data_648,2017,182028,,福井県,敦賀市,,,,3,3,584,304,280,
statistical_population_data_649,2017,182028,,福井県,敦賀市,,,,4,4,574,282,292,
statistical_population_data_650,2017,182028,,福井県,敦賀市,,,,5,5,580,302,278,
statistical_population_data_651,2017,182028,,福井県,敦賀市,,,,6,6,609,300,309,
statistical_population_data_652,2017,182028,,福井県,敦賀市,,,,7,7,623,332,291,
statistical_population_data_653,2017,182028,,福井県,敦賀市,,,,8,8,586,295,291,
statistical_population_data_654,2017,182028,,福井県,敦賀市,,,,9,9,628,300,328,
statistical_population_data_655,2017,182028,,福井県,敦賀市,,,,10,10,633,325,308,
statistical_population_data_656,2017,182028,,福井県,敦賀市,,,,11,11,651,365,286,
statistical_population_data_657,2017,182028,,福井県,敦賀市,,,,12,12,589,303,286,
statistical_population_data_658,2017,182028,,福井県,敦賀市,,,,13,13,643,324,319,
statistical_population_data_659,2017,182028,,福井県,敦賀市,,,,14,14,664,340,324,
statistical_population_data_660,2017,182028,,福井県,敦賀市,,,,15,15,638,321,317,
statistical_population_data_661,2017,182028,,福井県,敦賀市,,,,16,16,705,358,347,
statistical_population_data_662,2017,182028,,福井県,敦賀市,,,,17,17,675,355,320,
statistical_population_data_663,2017,182028,,福井県,敦賀市,,,,18,18,692,371,321,
statistical_population_data_664,2017,182028,,福井県,敦賀市,,,,19,19,670,339,331,
statistical_population_data_665,2017,182028,,福井県,敦賀市,,,,20,20,669,341,328,
statistical_population_data_666,2017,182028,,福井県,敦賀市,,,,21,21,562,304,258,
statistical_population_data_667,2017,182028,,福井県,敦賀市,,,,22,22,603,331,272,
statistical_population_data_668,2017,182028,,福井県,敦賀市,,,,23,23,586,341,245,
statistical_population_data_669,2017,182028,,福井県,敦賀市,,,,24,24,617,338,279,
statistical_population_data_670,2017,182028,,福井県,敦賀市,,,,25,25,581,299,282,
statistical_population_data_671,2017,182028,,福井県,敦賀市,,,,26,26,595,326,269,
statistical_population_data_672,2017,182028,,福井県,敦賀市,,,,27,27,643,336,307,
statistical_population_data_673,2017,182028,,福井県,敦賀市,,,,28,28,685,361,324,
statistical_population_data_674,2017,182028,,福井県,敦賀市,,,,29,29,617,316,301,
statistical_population_data_675,2017,182028,,福井県,敦賀市,,,,30,30,724,375,349,
statistical_population_data_676,2017,182028,,福井県,敦賀市,,,,31,31,707,384,323,
statistical_population_data_677,2017,182028,,福井県,敦賀市,,,,32,32,753,359,394,
statistical_population_data_678,2017,182028,,福井県,敦賀市,,,,33,33,739,374,365,
statistical_population_data_679,2017,182028,,福井県,敦賀市,,,,34,34,756,389,367,
statistical_population_data_680,2017,182028,,福井県,敦賀市,,,,35,35,723,386,337,
statistical_population_data_681,2017,182028,,福井県,敦賀市,,,,36,36,807,402,405,
statistical_population_data_682,2017,182028,,福井県,敦賀市,,,,37,37,783,411,372,
statistical_population_data_683,2017,182028,,福井県,敦賀市,,,,38,38,805,405,400,
statistical_population_data_684,2017,182028,,福井県,敦賀市,,,,39,39,846,452,394,
statistical_population_data_685,2017,182028,,福井県,敦賀市,,,,40,40,858,442,416,
statistical_population_data_686,2017,182028,,福井県,敦賀市,,,,41,41,977,500,477,
statistical_population_data_687,2017,182028,,福井県,敦賀市,,,,42,42,980,497,483,
statistical_population_data_688,2017,182028,,福井県,敦賀市,,,,43,43,992,498,494,
statistical_population_data_689,2017,182028,,福井県,敦賀市,,,,44,44,1082,547,535,
statistical_population_data_690,2017,182028,,福井県,敦賀市,,,,45,45,1036,518,518,
statistical_population_data_691,2017,182028,,福井県,敦賀市,,,,46,46,927,475,452,
statistical_population_data_692,2017,182028,,福井県,敦賀市,,,,47,47,913,451,462,
statistical_population_data_693,2017,182028,,福井県,敦賀市,,,,48,48,903,465,438,
statistical_population_data_694,2017,182028,,福井県,敦賀市,,,,49,49,884,449,435,
statistical_population_data_695,2017,182028,,福井県,敦賀市,,,,50,50,900,448,452,
statistical_population_data_696,2017,182028,,福井県,敦賀市,,,,51,51,633,324,309,
statistical_population_data_697,2017,182028,,福井県,敦賀市,,,,52,52,851,441,410,
statistical_population_data_698,2017,182028,,福井県,敦賀市,,,,53,53,860,433,427,
statistical_population_data_699,2017,182028,,福井県,敦賀市,,,,54,54,825,415,410,
statistical_population_data_700,2017,182028,,福井県,敦賀市,,,,55,55,845,419,426,
statistical_population_data_701,2017,182028,,福井県,敦賀市,,,,56,56,824,446,378,
statistical_population_data_702,2017,182028,,福井県,敦賀市,,,,57,57,836,418,418,
statistical_population_data_703,2017,182028,,福井県,敦賀市,,,,58,58,906,468,438,
statistical_population_data_704,2017,182028,,福井県,敦賀市,,,,59,59,835,442,393,
statistical_population_data_705,2017,182028,,福井県,敦賀市,,,,60,60,800,400,400,
statistical_population_data_706,2017,182028,,福井県,敦賀市,,,,61,61,928,460,468,
statistical_population_data_707,2017,182028,,福井県,敦賀市,,,,62,62,918,470,448,
statistical_population_data_708,2017,182028,,福井県,敦賀市,,,,63,63,836,440,396,
statistical_population_data_709,2017,182028,,福井県,敦賀市,,,,64,64,948,470,478,
statistical_population_data_710,2017,182028,,福井県,敦賀市,,,,65,65,957,479,478,
statistical_population_data_711,2017,182028,,福井県,敦賀市,,,,66,66,973,485,488,
statistical_population_data_712,2017,182028,,福井県,敦賀市,,,,67,67,1115,532,583,
statistical_population_data_713,2017,182028,,福井県,敦賀市,,,,68,68,1196,611,585,
statistical_population_data_714,2017,182028,,福井県,敦賀市,,,,69,69,1126,545,581,
statistical_population_data_715,2017,182028,,福井県,敦賀市,,,,70,70,1020,489,531,
statistical_population_data_716,2017,182028,,福井県,敦賀市,,,,71,71,572,266,306,
statistical_population_data_717,2017,182028,,福井県,敦賀市,,,,72,72,632,312,320,
statistical_population_data_718,2017,182028,,福井県,敦賀市,,,,73,73,753,339,414,
statistical_population_data_719,2017,182028,,福井県,敦賀市,,,,74,74,782,358,424,
statistical_population_data_720,2017,182028,,福井県,敦賀市,,,,75,75,738,334,404,
statistical_population_data_721,2017,182028,,福井県,敦賀市,,,,76,76,661,309,352,
statistical_population_data_722,2017,182028,,福井県,敦賀市,,,,77,77,604,254,350,
statistical_population_data_723,2017,182028,,福井県,敦賀市,,,,78,78,514,222,292,
statistical_population_data_724,2017,182028,,福井県,敦賀市,,,,79,79,566,245,321,
statistical_population_data_725,2017,182028,,福井県,敦賀市,,,,80,80,597,248,349,
statistical_population_data_726,2017,182028,,福井県,敦賀市,,,,81,81,580,218,362,
statistical_population_data_727,2017,182028,,福井県,敦賀市,,,,82,82,508,190,318,
statistical_population_data_728,2017,182028,,福井県,敦賀市,,,,83,83,491,175,316,
statistical_population_data_729,2017,182028,,福井県,敦賀市,,,,84,84,471,188,283,
statistical_population_data_730,2017,182028,,福井県,敦賀市,,,,85,85,512,171,341,
statistical_population_data_731,2017,182028,,福井県,敦賀市,,,,86,86,466,185,281,
statistical_population_data_732,2017,182028,,福井県,敦賀市,,,,87,87,397,143,254,
statistical_population_data_733,2017,182028,,福井県,敦賀市,,,,88,88,365,124,241,
statistical_population_data_734,2017,182028,,福井県,敦賀市,,,,89,89,301,90,211,
statistical_population_data_735,2017,182028,,福井県,敦賀市,,,,90,,1163,295,868,
statistical_population_data_736,2017,182028,,福井県,敦賀市,,,,0,,66560,32736,33824,
statistical_population_data_737,2018,182028,,福井県,敦賀市,,,,0,0,489,264,225,
statistical_population_data_738,2018,182028,,福井県,敦賀市,,,,1,1,546,291,255,
statistical_population_data_739,2018,182028,,福井県,敦賀市,,,,2,2,542,285,257,
statistical_population_data_740,2018,182028,,福井県,敦賀市,,,,3,3,556,275,281,
statistical_population_data_741,2018,182028,,福井県,敦賀市,,,,4,4,572,298,274,
statistical_population_data_742,2018,182028,,福井県,敦賀市,,,,5,5,575,285,290,
statistical_population_data_743,2018,182028,,福井県,敦賀市,,,,6,6,576,298,278,
statistical_population_data_744,2018,182028,,福井県,敦賀市,,,,7,7,602,298,304,
statistical_population_data_745,2018,182028,,福井県,敦賀市,,,,8,8,619,331,288,
statistical_population_data_746,2018,182028,,福井県,敦賀市,,,,9,9,581,294,287,
statistical_population_data_747,2018,182028,,福井県,敦賀市,,,,10,10,628,299,329,
statistical_population_data_748,2018,182028,,福井県,敦賀市,,,,11,11,634,324,310,
statistical_population_data_749,2018,182028,,福井県,敦賀市,,,,12,12,640,359,281,
statistical_population_data_750,2018,182028,,福井県,敦賀市,,,,13,13,581,298,283,
statistical_population_data_751,2018,182028,,福井県,敦賀市,,,,14,14,643,322,321,
statistical_population_data_752,2018,182028,,福井県,敦賀市,,,,15,15,659,337,322,
statistical_population_data_753,2018,182028,,福井県,敦賀市,,,,16,16,636,319,317,
statistical_population_data_754,2018,182028,,福井県,敦賀市,,,,17,17,708,358,350,
statistical_population_data_755,2018,182028,,福井県,敦賀市,,,,18,18,651,340,311,
statistical_population_data_756,2018,182028,,福井県,敦賀市,,,,19,19,666,355,311,
statistical_population_data_757,2018,182028,,福井県,敦賀市,,,,20,20,656,334,322,
statistical_population_data_758,2018,182028,,福井県,敦賀市,,,,21,21,659,342,317,
statistical_population_data_759,2018,182028,,福井県,敦賀市,,,,22,22,572,313,259,
statistical_population_data_760,2018,182028,,福井県,敦賀市,,,,23,23,583,321,262,
statistical_population_data_761,2018,182028,,福井県,敦賀市,,,,24,24,588,338,250,
statistical_population_data_762,2018,182028,,福井県,敦賀市,,,,25,25,625,338,287,
statistical_population_data_763,2018,182028,,福井県,敦賀市,,,,26,26,586,313,273,
statistical_population_data_764,2018,182028,,福井県,敦賀市,,,,27,27,574,313,261,
statistical_population_data_765,2018,182028,,福井県,敦賀市,,,,28,28,651,345,306,
statistical_population_data_766,2018,182028,,福井県,敦賀市,,,,29,29,672,359,313,
statistical_population_data_767,2018,182028,,福井県,敦賀市,,,,30,30,621,317,304,
statistical_population_data_768,2018,182028,,福井県,敦賀市,,,,31,31,701,356,345,
statistical_population_data_769,2018,182028,,福井県,敦賀市,,,,32,32,703,382,321,
statistical_population_data_770,2018,182028,,福井県,敦賀市,,,,33,33,756,358,398,
statistical_population_data_771,2018,182028,,福井県,敦賀市,,,,34,34,737,372,365,
statistical_population_data_772,2018,182028,,福井県,敦賀市,,,,35,35,747,390,357,
statistical_population_data_773,2018,182028,,福井県,敦賀市,,,,36,36,718,380,338,
statistical_population_data_774,2018,182028,,福井県,敦賀市,,,,37,37,807,401,406,
statistical_population_data_775,2018,182028,,福井県,敦賀市,,,,38,38,780,414,366,
statistical_population_data_776,2018,182028,,福井県,敦賀市,,,,39,39,803,409,394,
statistical_population_data_777,2018,182028,,福井県,敦賀市,,,,40,40,834,446,388,
statistical_population_data_778,2018,182028,,福井県,敦賀市,,,,41,41,861,443,418,
statistical_population_data_779,2018,182028,,福井県,敦賀市,,,,42,42,964,500,464,
statistical_population_data_780,2018,182028,,福井県,敦賀市,,,,43,43,970,495,475,
statistical_population_data_781,2018,182028,,福井県,敦賀市,,,,44,44,993,498,495,
statistical_population_data_782,2018,182028,,福井県,敦賀市,,,,45,45,1081,547,534,
statistical_population_data_783,2018,182028,,福井県,敦賀市,,,,46,46,1023,509,514,
statistical_population_data_784,2018,182028,,福井県,敦賀市,,,,47,47,927,478,449,
statistical_population_data_785,2018,182028,,福井県,敦賀市,,,,48,48,908,451,457,
statistical_population_data_786,2018,182028,,福井県,敦賀市,,,,49,49,892,458,434,
statistical_population_data_787,2018,182028,,福井県,敦賀市,,,,50,50,875,445,430,
statistical_population_data_788,2018,182028,,福井県,敦賀市,,,,51,51,899,447,452,
statistical_population_data_789,2018,182028,,福井県,敦賀市,,,,52,52,636,324,312,
statistical_population_data_790,2018,182028,,福井県,敦賀市,,,,53,53,850,441,409,
statistical_population_data_791,2018,182028,,福井県,敦賀市,,,,54,54,864,435,429,
statistical_population_data_792,2018,182028,,福井県,敦賀市,,,,55,55,820,412,408,
statistical_population_data_793,2018,182028,,福井県,敦賀市,,,,56,56,847,421,426,
statistical_population_data_794,2018,182028,,福井県,敦賀市,,,,57,57,812,440,372,
statistical_population_data_795,2018,182028,,福井県,敦賀市,,,,58,58,832,413,419,
statistical_population_data_796,2018,182028,,福井県,敦賀市,,,,59,59,900,464,436,
statistical_population_data_797,2018,182028,,福井県,敦賀市,,,,60,60,828,436,392,
statistical_population_data_798,2018,182028,,福井県,敦賀市,,,,61,61,801,402,399,
statistical_population_data_799,2018,182028,,福井県,敦賀市,,,,62,62,925,459,466,
statistical_population_data_800,2018,182028,,福井県,敦賀市,,,,63,63,914,468,446,
statistical_population_data_801,2018,182028,,福井県,敦賀市,,,,64,64,832,435,397,
statistical_population_data_802,2018,182028,,福井県,敦賀市,,,,65,65,945,469,476,
statistical_population_data_803,2018,182028,,福井県,敦賀市,,,,66,66,949,473,476,
statistical_population_data_804,2018,182028,,福井県,敦賀市,,,,67,67,958,478,480,
statistical_population_data_805,2018,182028,,福井県,敦賀市,,,,68,68,1104,526,578,
statistical_population_data_806,2018,182028,,福井県,敦賀市,,,,69,69,1190,607,583,
statistical_population_data_807,2018,182028,,福井県,敦賀市,,,,70,70,1114,535,579,
statistical_population_data_808,2018,182028,,福井県,敦賀市,,,,71,71,1004,477,527,
statistical_population_data_809,2018,182028,,福井県,敦賀市,,,,72,72,560,260,300,
statistical_population_data_810,2018,182028,,福井県,敦賀市,,,,73,73,627,308,319,
statistical_population_data_811,2018,182028,,福井県,敦賀市,,,,74,74,744,330,414,
statistical_population_data_812,2018,182028,,福井県,敦賀市,,,,75,75,764,347,417,
statistical_population_data_813,2018,182028,,福井県,敦賀市,,,,76,76,722,322,400,
statistical_population_data_814,2018,182028,,福井県,敦賀市,,,,77,77,650,301,349,
statistical_population_data_815,2018,182028,,福井県,敦賀市,,,,78,78,584,240,344,
statistical_population_data_816,2018,182028,,福井県,敦賀市,,,,79,79,505,218,287,
statistical_population_data_817,2018,182028,,福井県,敦賀市,,,,80,80,548,232,316,
statistical_population_data_818,2018,182028,,福井県,敦賀市,,,,81,81,570,237,333,
statistical_population_data_819,2018,182028,,福井県,敦賀市,,,,82,82,560,208,352,
statistical_population_data_820,2018,182028,,福井県,敦賀市,,,,83,83,488,179,309,
statistical_population_data_821,2018,182028,,福井県,敦賀市,,,,84,84,468,162,306,
statistical_population_data_822,2018,182028,,福井県,敦賀市,,,,85,85,440,171,269,
statistical_population_data_823,2018,182028,,福井県,敦賀市,,,,86,86,480,156,324,
statistical_population_data_824,2018,182028,,福井県,敦賀市,,,,87,87,430,165,265,
statistical_population_data_825,2018,182028,,福井県,敦賀市,,,,88,88,375,131,244,
statistical_population_data_826,2018,182028,,福井県,敦賀市,,,,89,89,331,109,222,
statistical_population_data_827,2018,182028,,福井県,敦賀市,,,,90,,1215,316,899,
statistical_population_data_828,2018,182028,,福井県,敦賀市,,,,0,,66056,32549,33507,
statistical_population_data_829,2019,182028,,福井県,敦賀市,,,,0,0,423,217,206,
statistical_population_data_830,2019,182028,,福井県,敦賀市,,,,1,1,511,276,235,
statistical_population_data_831,2019,182028,,福井県,敦賀市,,,,2,2,540,290,250,
statistical_population_data_832,2019,182028,,福井県,敦賀市,,,,3,3,550,290,260,
statistical_population_data_833,2019,182028,,福井県,敦賀市,,,,4,4,555,272,283,
statistical_population_data_834,2019,182028,,福井県,敦賀市,,,,5,5,575,297,278,
statistical_population_data_835,2019,182028,,福井県,敦賀市,,,,6,6,580,288,292,
statistical_population_data_836,2019,182028,,福井県,敦賀市,,,,7,7,564,295,269,
statistical_population_data_837,2019,182028,,福井県,敦賀市,,,,8,8,601,295,306,
statistical_population_data_838,2019,182028,,福井県,敦賀市,,,,9,9,618,333,285,
statistical_population_data_839,2019,182028,,福井県,敦賀市,,,,10,10,581,291,290,
statistical_population_data_840,2019,182028,,福井県,敦賀市,,,,11,11,630,299,331,
statistical_population_data_841,2019,182028,,福井県,敦賀市,,,,12,12,632,322,310,
statistical_population_data_842,2019,182028,,福井県,敦賀市,,,,13,13,632,356,276,
statistical_population_data_843,2019,182028,,福井県,敦賀市,,,,14,14,583,300,283,
statistical_population_data_844,2019,182028,,福井県,敦賀市,,,,15,15,643,324,319,
statistical_population_data_845,2019,182028,,福井県,敦賀市,,,,16,16,654,335,319,
statistical_population_data_846,2019,182028,,福井県,敦賀市,,,,17,17,638,321,317,
statistical_population_data_847,2019,182028,,福井県,敦賀市,,,,18,18,694,350,344,
statistical_population_data_848,2019,182028,,福井県,敦賀市,,,,19,19,617,313,304,
statistical_population_data_849,2019,182028,,福井県,敦賀市,,,,20,20,655,358,297,
statistical_population_data_850,2019,182028,,福井県,敦賀市,,,,21,21,642,335,307,
statistical_population_data_851,2019,182028,,福井県,敦賀市,,,,22,22,626,333,293,
statistical_population_data_852,2019,182028,,福井県,敦賀市,,,,23,23,546,301,245,
statistical_population_data_853,2019,182028,,福井県,敦賀市,,,,24,24,557,307,250,
statistical_population_data_854,2019,182028,,福井県,敦賀市,,,,25,25,585,337,248,
statistical_population_data_855,2019,182028,,福井県,敦賀市,,,,26,26,622,331,291,
statistical_population_data_856,2019,182028,,福井県,敦賀市,,,,27,27,580,306,274,
statistical_population_data_857,2019,182028,,福井県,敦賀市,,,,28,28,562,308,254,
statistical_population_data_858,2019,182028,,福井県,敦賀市,,,,29,29,668,348,320,
statistical_population_data_859,2019,182028,,福井県,敦賀市,,,,30,30,688,365,323,
statistical_population_data_860,2019,182028,,福井県,敦賀市,,,,31,31,608,308,300,
statistical_population_data_861,2019,182028,,福井県,敦賀市,,,,32,32,707,362,345,
statistical_population_data_862,2019,182028,,福井県,敦賀市,,,,33,33,695,371,324,
statistical_population_data_863,2019,182028,,福井県,敦賀市,,,,34,34,773,372,401,
statistical_population_data_864,2019,182028,,福井県,敦賀市,,,,35,35,750,379,371,
statistical_population_data_865,2019,182028,,福井県,敦賀市,,,,36,36,752,392,360,
statistical_population_data_866,2019,182028,,福井県,敦賀市,,,,37,37,719,383,336,
statistical_population_data_867,2019,182028,,福井県,敦賀市,,,,38,38,809,406,403,
statistical_population_data_868,2019,182028,,福井県,敦賀市,,,,39,39,787,418,369,
statistical_population_data_869,2019,182028,,福井県,敦賀市,,,,40,40,784,402,382,
statistical_population_data_870,2019,182028,,福井県,敦賀市,,,,41,41,834,447,387,
statistical_population_data_871,2019,182028,,福井県,敦賀市,,,,42,42,868,446,422,
statistical_population_data_872,2019,182028,,福井県,敦賀市,,,,43,43,965,501,464,
statistical_population_data_873,2019,182028,,福井県,敦賀市,,,,44,44,974,501,473,
statistical_population_data_874,2019,182028,,福井県,敦賀市,,,,45,45,979,493,486,
statistical_population_data_875,2019,182028,,福井県,敦賀市,,,,46,46,1074,540,534,
statistical_population_data_876,2019,182028,,福井県,敦賀市,,,,47,47,1023,510,513,
statistical_population_data_877,2019,182028,,福井県,敦賀市,,,,48,48,931,482,449,
statistical_population_data_878,2019,182028,,福井県,敦賀市,,,,49,49,904,451,453,
statistical_population_data_879,2019,182028,,福井県,敦賀市,,,,50,50,883,454,429,
statistical_population_data_880,2019,182028,,福井県,敦賀市,,,,51,51,868,444,424,
statistical_population_data_881,2019,182028,,福井県,敦賀市,,,,52,52,907,454,453,
statistical_population_data_882,2019,182028,,福井県,敦賀市,,,,53,53,637,328,309,
statistical_population_data_883,2019,182028,,福井県,敦賀市,,,,54,54,847,438,409,
statistical_population_data_884,2019,182028,,福井県,敦賀市,,,,55,55,858,435,423,
statistical_population_data_885,2019,182028,,福井県,敦賀市,,,,56,56,806,402,404,
statistical_population_data_886,2019,182028,,福井県,敦賀市,,,,57,57,849,425,424,
statistical_population_data_887,2019,182028,,福井県,敦賀市,,,,58,58,806,438,368,
statistical_population_data_888,2019,182028,,福井県,敦賀市,,,,59,59,827,411,416,
statistical_population_data_889,2019,182028,,福井県,敦賀市,,,,60,60,890,455,435,
statistical_population_data_890,2019,182028,,福井県,敦賀市,,,,61,61,814,427,387,
statistical_population_data_891,2019,182028,,福井県,敦賀市,,,,62,62,792,397,395,
statistical_population_data_892,2019,182028,,福井県,敦賀市,,,,63,63,921,456,465,
statistical_population_data_893,2019,182028,,福井県,敦賀市,,,,64,64,907,460,447,
statistical_population_data_894,2019,182028,,福井県,敦賀市,,,,65,65,824,431,393,
statistical_population_data_895,2019,182028,,福井県,敦賀市,,,,66,66,936,465,471,
statistical_population_data_896,2019,182028,,福井県,敦賀市,,,,67,67,945,470,475,
statistical_population_data_897,2019,182028,,福井県,敦賀市,,,,68,68,949,471,478,
statistical_population_data_898,2019,182028,,福井県,敦賀市,,,,69,69,1096,520,576,
statistical_population_data_899,2019,182028,,福井県,敦賀市,,,,70,70,1171,592,579,
statistical_population_data_900,2019,182028,,福井県,敦賀市,,,,71,71,1101,523,578,
statistical_population_data_901,2019,182028,,福井県,敦賀市,,,,72,72,990,470,520,
statistical_population_data_902,2019,182028,,福井県,敦賀市,,,,73,73,553,255,298,
statistical_population_data_903,2019,182028,,福井県,敦賀市,,,,74,74,617,300,317,
statistical_population_data_904,2019,182028,,福井県,敦賀市,,,,75,75,733,324,409,
statistical_population_data_905,2019,182028,,福井県,敦賀市,,,,76,76,747,336,411,
statistical_population_data_906,2019,182028,,福井県,敦賀市,,,,77,77,701,310,391,
statistical_population_data_907,2019,182028,,福井県,敦賀市,,,,78,78,630,287,343,
statistical_population_data_908,2019,182028,,福井県,敦賀市,,,,79,79,568,233,335,
statistical_population_data_909,2019,182028,,福井県,敦賀市,,,,80,80,484,206,278,
statistical_population_data_910,2019,182028,,福井県,敦賀市,,,,81,81,529,224,305,
statistical_population_data_911,2019,182028,,福井県,敦賀市,,,,82,82,549,224,325,
statistical_population_data_912,2019,182028,,福井県,敦賀市,,,,83,83,538,197,341,
statistical_population_data_913,2019,182028,,福井県,敦賀市,,,,84,84,465,160,305,
statistical_population_data_914,2019,182028,,福井県,敦賀市,,,,85,85,446,157,289,
statistical_population_data_915,2019,182028,,福井県,敦賀市,,,,86,86,417,159,258,
statistical_population_data_916,2019,182028,,福井県,敦賀市,,,,87,87,451,140,311,
statistical_population_data_917,2019,182028,,福井県,敦賀市,,,,88,88,394,145,249,
statistical_population_data_918,2019,182028,,福井県,敦賀市,,,,89,89,334,114,220,
statistical_population_data_919,2019,182028,,福井県,敦賀市,,,,90,,1331,349,982,
statistical_population_data_920,2019,182028,,福井県,敦賀市,,,,0,,65599,32343,33256,
statistical_population_data_921,2020,182028,,福井県,敦賀市,,,,0,0,436,209,227,
statistical_population_data_922,2020,182028,,福井県,敦賀市,,,,1,1,441,227,214,
statistical_population_data_923,2020,182028,,福井県,敦賀市,,,,2,2,500,267,233,
statistical_population_data_924,2020,182028,,福井県,敦賀市,,,,3,3,533,289,244,
statistical_population_data_925,2020,182028,,福井県,敦賀市,,,,4,4,528,276,252,
statistical_population_data_926,2020,182028,,福井県,敦賀市,,,,5,5,556,276,280,
statistical_population_data_927,2020,182028,,福井県,敦賀市,,,,6,6,562,292,270,
statistical_population_data_928,2020,182028,,福井県,敦賀市,,,,7,7,576,287,289,
statistical_population_data_929,2020,182028,,福井県,敦賀市,,,,8,8,565,297,268,
statistical_population_data_930,2020,182028,,福井県,敦賀市,,,,9,9,604,296,308,
statistical_population_data_931,2020,182028,,福井県,敦賀市,,,,10,10,615,331,284,
statistical_population_data_932,2020,182028,,福井県,敦賀市,,,,11,11,585,296,289,
statistical_population_data_933,2020,182028,,福井県,敦賀市,,,,12,12,627,299,328,
statistical_population_data_934,2020,182028,,福井県,敦賀市,,,,13,13,622,318,304,
statistical_population_data_935,2020,182028,,福井県,敦賀市,,,,14,14,630,355,275,
statistical_population_data_936,2020,182028,,福井県,敦賀市,,,,15,15,577,295,282,
statistical_population_data_937,2020,182028,,福井県,敦賀市,,,,16,16,632,316,316,
statistical_population_data_938,2020,182028,,福井県,敦賀市,,,,17,17,651,332,319,
statistical_population_data_939,2020,182028,,福井県,敦賀市,,,,18,18,626,306,320,
statistical_population_data_940,2020,182028,,福井県,敦賀市,,,,19,19,680,337,343,
statistical_population_data_941,2020,182028,,福井県,敦賀市,,,,20,20,621,322,299,
statistical_population_data_942,2020,182028,,福井県,敦賀市,,,,21,21,632,351,281,
statistical_population_data_943,2020,182028,,福井県,敦賀市,,,,22,22,619,327,292,
statistical_population_data_944,2020,182028,,福井県,敦賀市,,,,23,23,571,318,253,
statistical_population_data_945,2020,182028,,福井県,敦賀市,,,,24,24,544,311,233,
statistical_population_data_946,2020,182028,,福井県,敦賀市,,,,25,25,559,311,248,
statistical_population_data_947,2020,182028,,福井県,敦賀市,,,,26,26,591,354,237,
statistical_population_data_948,2020,182028,,福井県,敦賀市,,,,27,27,635,341,294,
statistical_population_data_949,2020,182028,,福井県,敦賀市,,,,28,28,577,309,268,
statistical_population_data_950,2020,182028,,福井県,敦賀市,,,,29,29,563,305,258,
statistical_population_data_951,2020,182028,,福井県,敦賀市,,,,30,30,671,355,316,
statistical_population_data_952,2020,182028,,福井県,敦賀市,,,,31,31,693,371,322,
statistical_population_data_953,2020,182028,,福井県,敦賀市,,,,32,32,628,319,309,
statistical_population_data_954,2020,182028,,福井県,敦賀市,,,,33,33,705,362,343,
statistical_population_data_955,2020,182028,,福井県,敦賀市,,,,34,34,689,365,324,
statistical_population_data_956,2020,182028,,福井県,敦賀市,,,,35,35,764,373,391,
statistical_population_data_957,2020,182028,,福井県,敦賀市,,,,36,36,753,381,372,
statistical_population_data_958,2020,182028,,福井県,敦賀市,,,,37,37,753,392,361,
statistical_population_data_959,2020,182028,,福井県,敦賀市,,,,38,38,720,392,328,
statistical_population_data_960,2020,182028,,福井県,敦賀市,,,,39,39,808,406,402,
statistical_population_data_961,2020,182028,,福井県,敦賀市,,,,40,40,787,413,374,
statistical_population_data_962,2020,182028,,福井県,敦賀市,,,,41,41,783,406,377,
statistical_population_data_963,2020,182028,,福井県,敦賀市,,,,42,42,832,449,383,
statistical_population_data_964,2020,182028,,福井県,敦賀市,,,,43,43,871,449,422,
statistical_population_data_965,2020,182028,,福井県,敦賀市,,,,44,44,969,502,467,
statistical_population_data_966,2020,182028,,福井県,敦賀市,,,,45,45,981,505,476,
statistical_population_data_967,2020,182028,,福井県,敦賀市,,,,46,46,968,485,483,
statistical_population_data_968,2020,182028,,福井県,敦賀市,,,,47,47,1071,539,532,
statistical_population_data_969,2020,182028,,福井県,敦賀市,,,,48,48,1014,508,506,
statistical_population_data_970,2020,182028,,福井県,敦賀市,,,,49,49,934,483,451,
statistical_population_data_971,2020,182028,,福井県,敦賀市,,,,50,50,897,447,450,
statistical_population_data_972,2020,182028,,福井県,敦賀市,,,,51,51,883,453,430,
statistical_population_data_973,2020,182028,,福井県,敦賀市,,,,52,52,864,444,420,
statistical_population_data_974,2020,182028,,福井県,敦賀市,,,,53,53,897,445,452,
statistical_population_data_975,2020,182028,,福井県,敦賀市,,,,54,54,634,323,311,
statistical_population_data_976,2020,182028,,福井県,敦賀市,,,,55,55,838,431,407,
statistical_population_data_977,2020,182028,,福井県,敦賀市,,,,56,56,862,436,426,
statistical_population_data_978,2020,182028,,福井県,敦賀市,,,,57,57,804,402,402,
statistical_population_data_979,2020,182028,,福井県,敦賀市,,,,58,58,845,422,423,
statistical_population_data_980,2020,182028,,福井県,敦賀市,,,,59,59,806,436,370,
statistical_population_data_981,2020,182028,,福井県,敦賀市,,,,60,60,820,400,420,
statistical_population_data_982,2020,182028,,福井県,敦賀市,,,,61,61,883,450,433,
statistical_population_data_983,2020,182028,,福井県,敦賀市,,,,62,62,807,426,381,
statistical_population_data_984,2020,182028,,福井県,敦賀市,,,,63,63,788,391,397,
statistical_population_data_985,2020,182028,,福井県,敦賀市,,,,64,64,912,448,464,
statistical_population_data_986,2020,182028,,福井県,敦賀市,,,,65,65,892,451,441,
statistical_population_data_987,2020,182028,,福井県,敦賀市,,,,66,66,823,428,395,
statistical_population_data_988,2020,182028,,福井県,敦賀市,,,,67,67,928,459,469,
statistical_population_data_989,2020,182028,,福井県,敦賀市,,,,68,68,926,461,465,
statistical_population_data_990,2020,182028,,福井県,敦賀市,,,,69,69,940,465,475,
statistical_population_data_991,2020,182028,,福井県,敦賀市,,,,70,70,1086,512,574,
statistical_population_data_992,2020,182028,,福井県,敦賀市,,,,71,71,1155,579,576,
statistical_population_data_993,2020,182028,,福井県,敦賀市,,,,72,72,1091,514,577,
statistical_population_data_994,2020,182028,,福井県,敦賀市,,,,73,73,976,462,514,
statistical_population_data_995,2020,182028,,福井県,敦賀市,,,,74,74,542,250,292,
statistical_population_data_996,2020,182028,,福井県,敦賀市,,,,75,75,602,288,314,
statistical_population_data_997,2020,182028,,福井県,敦賀市,,,,76,76,718,313,405,
statistical_population_data_998,2020,182028,,福井県,敦賀市,,,,77,77,725,323,402,
statistical_population_data_999,2020,182028,,福井県,敦賀市,,,,78,78,690,306,384,
statistical_population_data_1000,2020,182028,,福井県,敦賀市,,,,79,79,609,276,333,
statistical_population_data_1001,2020,182028,,福井県,敦賀市,,,,80,80,551,225,326,
statistical_population_data_1002,2020,182028,,福井県,敦賀市,,,,81,81,466,193,273,
statistical_population_data_1003,2020,182028,,福井県,敦賀市,,,,82,82,514,213,301,
statistical_population_data_1004,2020,182028,,福井県,敦賀市,,,,83,83,518,202,316,
statistical_population_data_1005,2020,182028,,福井県,敦賀市,,,,84,84,506,177,329,
statistical_population_data_1006,2020,182028,,福井県,敦賀市,,,,85,85,440,151,289,
statistical_population_data_1007,2020,182028,,福井県,敦賀市,,,,86,86,413,139,274,
statistical_population_data_1008,2020,182028,,福井県,敦賀市,,,,87,87,390,145,245,
statistical_population_data_1009,2020,182028,,福井県,敦賀市,,,,88,88,408,125,283,
statistical_population_data_1010,2020,182028,,福井県,敦賀市,,,,89,89,346,122,224,
statistical_population_data_1011,2020,182028,,福井県,敦賀市,,,,90,,1413,367,1046,
statistical_population_data_1012,2020,182028,,福井県,敦賀市,,,,0,,65060,32105,32955,
statistical_population_data_1013,2021,182028,,福井県,敦賀市,,,,0,0,446,214,232,
statistical_population_data_1014,2021,182028,,福井県,敦賀市,,,,1,1,444,218,226,
statistical_population_data_1015,2021,182028,,福井県,敦賀市,,,,2,2,435,224,211,
statistical_population_data_1016,2021,182028,,福井県,敦賀市,,,,3,3,487,266,221,
statistical_population_data_1017,2021,182028,,福井県,敦賀市,,,,4,4,526,287,239,
statistical_population_data_1018,2021,182028,,福井県,敦賀市,,,,5,5,524,275,249,
statistical_population_data_1019,2021,182028,,福井県,敦賀市,,,,6,6,541,271,270,
statistical_population_data_1020,2021,182028,,福井県,敦賀市,,,,7,7,557,285,272,
statistical_population_data_1021,2021,182028,,福井県,敦賀市,,,,8,8,571,281,290,
statistical_population_data_1022,2021,182028,,福井県,敦賀市,,,,9,9,565,293,272,
statistical_population_data_1023,2021,182028,,福井県,敦賀市,,,,10,10,598,293,305,
statistical_population_data_1024,2021,182028,,福井県,敦賀市,,,,11,11,607,326,281,
statistical_population_data_1025,2021,182028,,福井県,敦賀市,,,,12,12,580,291,289,
statistical_population_data_1026,2021,182028,,福井県,敦賀市,,,,13,13,626,298,328,
statistical_population_data_1027,2021,182028,,福井県,敦賀市,,,,14,14,623,318,305,
statistical_population_data_1028,2021,182028,,福井県,敦賀市,,,,15,15,626,351,275,
statistical_population_data_1029,2021,182028,,福井県,敦賀市,,,,16,16,574,294,280,
statistical_population_data_1030,2021,182028,,福井県,敦賀市,,,,17,17,630,315,315,
statistical_population_data_1031,2021,182028,,福井県,敦賀市,,,,18,18,635,316,319,
statistical_population_data_1032,2021,182028,,福井県,敦賀市,,,,19,19,611,302,309,
statistical_population_data_1033,2021,182028,,福井県,敦賀市,,,,20,20,668,336,332,
statistical_population_data_1034,2021,182028,,福井県,敦賀市,,,,21,21,606,318,288,
statistical_population_data_1035,2021,182028,,福井県,敦賀市,,,,22,22,635,361,274,
statistical_population_data_1036,2021,182028,,福井県,敦賀市,,,,23,23,605,340,265,
statistical_population_data_1037,2021,182028,,福井県,敦賀市,,,,24,24,595,338,257,
statistical_population_data_1038,2021,182028,,福井県,敦賀市,,,,25,25,547,306,241,
statistical_population_data_1039,2021,182028,,福井県,敦賀市,,,,26,26,546,295,251,
statistical_population_data_1040,2021,182028,,福井県,敦賀市,,,,27,27,588,342,246,
statistical_population_data_1041,2021,182028,,福井県,敦賀市,,,,28,28,621,334,287,
statistical_population_data_1042,2021,182028,,福井県,敦賀市,,,,29,29,556,299,257,
statistical_population_data_1043,2021,182028,,福井県,敦賀市,,,,30,30,564,303,261,
statistical_population_data_1044,2021,182028,,福井県,敦賀市,,,,31,31,663,360,303,
statistical_population_data_1045,2021,182028,,福井県,敦賀市,,,,32,32,670,359,311,
statistical_population_data_1046,2021,182028,,福井県,敦賀市,,,,33,33,615,319,296,
statistical_population_data_1047,2021,182028,,福井県,敦賀市,,,,34,34,691,356,335,
statistical_population_data_1048,2021,182028,,福井県,敦賀市,,,,35,35,681,363,318,
statistical_population_data_1049,2021,182028,,福井県,敦賀市,,,,36,36,744,360,384,
statistical_population_data_1050,2021,182028,,福井県,敦賀市,,,,37,37,748,379,369,
statistical_population_data_1051,2021,182028,,福井県,敦賀市,,,,38,38,765,401,364,
statistical_population_data_1052,2021,182028,,福井県,敦賀市,,,,39,39,710,386,324,
statistical_population_data_1053,2021,182028,,福井県,敦賀市,,,,40,40,807,408,399,
statistical_population_data_1054,2021,182028,,福井県,敦賀市,,,,41,41,792,419,373,
statistical_population_data_1055,2021,182028,,福井県,敦賀市,,,,42,42,782,406,376,
statistical_population_data_1056,2021,182028,,福井県,敦賀市,,,,43,43,827,443,384,
statistical_population_data_1057,2021,182028,,福井県,敦賀市,,,,44,44,858,442,416,
statistical_population_data_1058,2021,182028,,福井県,敦賀市,,,,45,45,970,502,468,
statistical_population_data_1059,2021,182028,,福井県,敦賀市,,,,46,46,975,500,475,
statistical_population_data_1060,2021,182028,,福井県,敦賀市,,,,47,47,966,489,477,
statistical_population_data_1061,2021,182028,,福井県,敦賀市,,,,48,48,1057,532,525,
statistical_population_data_1062,2021,182028,,福井県,敦賀市,,,,49,49,1004,504,500,
statistical_population_data_1063,2021,182028,,福井県,敦賀市,,,,50,50,928,478,450,
statistical_population_data_1064,2021,182028,,福井県,敦賀市,,,,51,51,885,436,449,
statistical_population_data_1065,2021,182028,,福井県,敦賀市,,,,52,52,881,451,430,
statistical_population_data_1066,2021,182028,,福井県,敦賀市,,,,53,53,863,444,419,
statistical_population_data_1067,2021,182028,,福井県,敦賀市,,,,54,54,899,444,455,
statistical_population_data_1068,2021,182028,,福井県,敦賀市,,,,55,55,626,319,307,
statistical_population_data_1069,2021,182028,,福井県,敦賀市,,,,56,56,845,436,409,
statistical_population_data_1070,2021,182028,,福井県,敦賀市,,,,57,57,856,435,421,
statistical_population_data_1071,2021,182028,,福井県,敦賀市,,,,58,58,803,400,403,
statistical_population_data_1072,2021,182028,,福井県,敦賀市,,,,59,59,841,418,423,
statistical_population_data_1073,2021,182028,,福井県,敦賀市,,,,60,60,797,431,366,
statistical_population_data_1074,2021,182028,,福井県,敦賀市,,,,61,61,812,391,421,
statistical_population_data_1075,2021,182028,,福井県,敦賀市,,,,62,62,871,441,430,
statistical_population_data_1076,2021,182028,,福井県,敦賀市,,,,63,63,797,416,381,
statistical_population_data_1077,2021,182028,,福井県,敦賀市,,,,64,64,784,387,397,
statistical_population_data_1078,2021,182028,,福井県,敦賀市,,,,65,65,909,447,462,
statistical_population_data_1079,2021,182028,,福井県,敦賀市,,,,66,66,889,448,441,
statistical_population_data_1080,2021,182028,,福井県,敦賀市,,,,67,67,816,422,394,
statistical_population_data_1081,2021,182028,,福井県,敦賀市,,,,68,68,921,456,465,
statistical_population_data_1082,2021,182028,,福井県,敦賀市,,,,69,69,914,449,465,
statistical_population_data_1083,2021,182028,,福井県,敦賀市,,,,70,70,929,457,472,
statistical_population_data_1084,2021,182028,,福井県,敦賀市,,,,71,71,1079,506,573,
statistical_population_data_1085,2021,182028,,福井県,敦賀市,,,,72,72,1141,569,572,
statistical_population_data_1086,2021,182028,,福井県,敦賀市,,,,73,73,1073,503,570,
statistical_population_data_1087,2021,182028,,福井県,敦賀市,,,,74,74,960,450,510,
statistical_population_data_1088,2021,182028,,福井県,敦賀市,,,,75,75,537,246,291,
statistical_population_data_1089,2021,182028,,福井県,敦賀市,,,,76,76,588,277,311,
statistical_population_data_1090,2021,182028,,福井県,敦賀市,,,,77,77,693,297,396,
statistical_population_data_1091,2021,182028,,福井県,敦賀市,,,,78,78,707,311,396,
statistical_population_data_1092,2021,182028,,福井県,敦賀市,,,,79,79,674,294,380,
statistical_population_data_1093,2021,182028,,福井県,敦賀市,,,,80,80,590,263,327,
statistical_population_data_1094,2021,182028,,福井県,敦賀市,,,,81,81,533,215,318,
statistical_population_data_1095,2021,182028,,福井県,敦賀市,,,,82,82,451,187,264,
statistical_population_data_1096,2021,182028,,福井県,敦賀市,,,,83,83,489,198,291,
statistical_population_data_1097,2021,182028,,福井県,敦賀市,,,,84,84,480,187,293,
statistical_population_data_1098,2021,182028,,福井県,敦賀市,,,,85,85,488,165,323,
statistical_population_data_1099,2021,182028,,福井県,敦賀市,,,,86,86,416,137,279,
statistical_population_data_1100,2021,182028,,福井県,敦賀市,,,,87,87,385,122,263,
statistical_population_data_1101,2021,182028,,福井県,敦賀市,,,,88,88,351,123,228,
statistical_population_data_1102,2021,182028,,福井県,敦賀市,,,,89,89,375,113,262,
statistical_population_data_1103,2021,182028,,福井県,敦賀市,,,,90,,1487,396,1091,
statistical_population_data_1104,2021,182028,,福井県,敦賀市,,,,0,,64425,31783,32642,
statistical_population_data_1105,2022,182028,,福井県,敦賀市,,,,0,0,410,196,214,
statistical_population_data_1106,2022,182028,,福井県,敦賀市,,,,1,1,448,221,227,
statistical_population_data_1107,2022,182028,,福井県,敦賀市,,,,2,2,438,215,223,
statistical_population_data_1108,2022,182028,,福井県,敦賀市,,,,3,3,435,223,212,
statistical_population_data_1109,2022,182028,,福井県,敦賀市,,,,4,4,483,264,219,
statistical_population_data_1110,2022,182028,,福井県,敦賀市,,,,5,5,525,286,239,
statistical_population_data_1111,2022,182028,,福井県,敦賀市,,,,6,6,520,271,249,
statistical_population_data_1112,2022,182028,,福井県,敦賀市,,,,7,7,533,267,266,
statistical_population_data_1113,2022,182028,,福井県,敦賀市,,,,8,8,557,288,269,
statistical_population_data_1114,2022,182028,,福井県,敦賀市,,,,9,9,565,275,290,
statistical_population_data_1115,2022,182028,,福井県,敦賀市,,,,10,10,564,290,274,
statistical_population_data_1116,2022,182028,,福井県,敦賀市,,,,11,11,597,291,306,
statistical_population_data_1117,2022,182028,,福井県,敦賀市,,,,12,12,606,325,281,
statistical_population_data_1118,2022,182028,,福井県,敦賀市,,,,13,13,580,291,289,
statistical_population_data_1119,2022,182028,,福井県,敦賀市,,,,14,14,624,297,327,
statistical_population_data_1120,2022,182028,,福井県,敦賀市,,,,15,15,623,320,303,
statistical_population_data_1121,2022,182028,,福井県,敦賀市,,,,16,16,625,351,274,
statistical_population_data_1122,2022,182028,,福井県,敦賀市,,,,17,17,575,295,280,
statistical_population_data_1123,2022,182028,,福井県,敦賀市,,,,18,18,627,311,316,
statistical_population_data_1124,2022,182028,,福井県,敦賀市,,,,19,19,621,312,309,
statistical_population_data_1125,2022,182028,,福井県,敦賀市,,,,20,20,611,308,303,
statistical_population_data_1126,2022,182028,,福井県,敦賀市,,,,21,21,678,352,326,
statistical_population_data_1127,2022,182028,,福井県,敦賀市,,,,22,22,574,300,274,
statistical_population_data_1128,2022,182028,,福井県,敦賀市,,,,23,23,618,348,270,
statistical_population_data_1129,2022,182028,,福井県,敦賀市,,,,24,24,601,334,267,
statistical_population_data_1130,2022,182028,,福井県,敦賀市,,,,25,25,605,345,260,
statistical_population_data_1131,2022,182028,,福井県,敦賀市,,,,26,26,554,310,244,
statistical_population_data_1132,2022,182028,,福井県,敦賀市,,,,27,27,569,310,259,
statistical_population_data_1133,2022,182028,,福井県,敦賀市,,,,28,28,582,329,253,
statistical_population_data_1134,2022,182028,,福井県,敦賀市,,,,29,29,626,354,272,
statistical_population_data_1135,2022,182028,,福井県,敦賀市,,,,30,30,568,299,269,
statistical_population_data_1136,2022,182028,,福井県,敦賀市,,,,31,31,567,302,265,
statistical_population_data_1137,2022,182028,,福井県,敦賀市,,,,32,32,644,335,309,
statistical_population_data_1138,2022,182028,,福井県,敦賀市,,,,33,33,666,359,307,
statistical_population_data_1139,2022,182028,,福井県,敦賀市,,,,34,34,590,306,284,
statistical_population_data_1140,2022,182028,,福井県,敦賀市,,,,35,35,692,360,332,
statistical_population_data_1141,2022,182028,,福井県,敦賀市,,,,36,36,690,372,318,
statistical_population_data_1142,2022,182028,,福井県,敦賀市,,,,37,37,736,356,380,
statistical_population_data_1143,2022,182028,,福井県,敦賀市,,,,38,38,728,367,361,
statistical_population_data_1144,2022,182028,,福井県,敦賀市,,,,39,39,757,393,364,
statistical_population_data_1145,2022,182028,,福井県,敦賀市,,,,40,40,726,397,329,
statistical_population_data_1146,2022,182028,,福井県,敦賀市,,,,41,41,796,403,393,
statistical_population_data_1147,2022,182028,,福井県,敦賀市,,,,42,42,790,416,374,
statistical_population_data_1148,2022,182028,,福井県,敦賀市,,,,43,43,771,395,376,
statistical_population_data_1149,2022,182028,,福井県,敦賀市,,,,44,44,830,449,381,
statistical_population_data_1150,2022,182028,,福井県,敦賀市,,,,45,45,864,444,420,
statistical_population_data_1151,2022,182028,,福井県,敦賀市,,,,46,46,959,496,463,
statistical_population_data_1152,2022,182028,,福井県,敦賀市,,,,47,47,971,494,477,
statistical_population_data_1153,2022,182028,,福井県,敦賀市,,,,48,48,961,484,477,
statistical_population_data_1154,2022,182028,,福井県,敦賀市,,,,49,49,1056,533,523,
statistical_population_data_1155,2022,182028,,福井県,敦賀市,,,,50,50,1011,508,503,
statistical_population_data_1156,2022,182028,,福井県,敦賀市,,,,51,51,930,479,451,
statistical_population_data_1157,2022,182028,,福井県,敦賀市,,,,52,52,879,433,446,
statistical_population_data_1158,2022,182028,,福井県,敦賀市,,,,53,53,876,453,423,
statistical_population_data_1159,2022,182028,,福井県,敦賀市,,,,54,54,861,442,419,
statistical_population_data_1160,2022,182028,,福井県,敦賀市,,,,55,55,899,452,447,
statistical_population_data_1161,2022,182028,,福井県,敦賀市,,,,56,56,620,313,307,
statistical_population_data_1162,2022,182028,,福井県,敦賀市,,,,57,57,842,435,407,
statistical_population_data_1163,2022,182028,,福井県,敦賀市,,,,58,58,848,431,417,
statistical_population_data_1164,2022,182028,,福井県,敦賀市,,,,59,59,798,395,403,
statistical_population_data_1165,2022,182028,,福井県,敦賀市,,,,60,60,834,413,421,
statistical_population_data_1166,2022,182028,,福井県,敦賀市,,,,61,61,792,430,362,
statistical_population_data_1167,2022,182028,,福井県,敦賀市,,,,62,62,800,386,414,
statistical_population_data_1168,2022,182028,,福井県,敦賀市,,,,63,63,864,435,429,
statistical_population_data_1169,2022,182028,,福井県,敦賀市,,,,64,64,787,409,378,
statistical_population_data_1170,2022,182028,,福井県,敦賀市,,,,65,65,771,379,392,
statistical_population_data_1171,2022,182028,,福井県,敦賀市,,,,66,66,899,438,461,
statistical_population_data_1172,2022,182028,,福井県,敦賀市,,,,67,67,880,445,435,
statistical_population_data_1173,2022,182028,,福井県,敦賀市,,,,68,68,815,423,392,
statistical_population_data_1174,2022,182028,,福井県,敦賀市,,,,69,69,903,445,458,
statistical_population_data_1175,2022,182028,,福井県,敦賀市,,,,70,70,900,441,459,
statistical_population_data_1176,2022,182028,,福井県,敦賀市,,,,71,71,911,446,465,
statistical_population_data_1177,2022,182028,,福井県,敦賀市,,,,72,72,1067,500,567,
statistical_population_data_1178,2022,182028,,福井県,敦賀市,,,,73,73,1123,555,568,
statistical_population_data_1179,2022,182028,,福井県,敦賀市,,,,74,74,1053,489,564,
statistical_population_data_1180,2022,182028,,福井県,敦賀市,,,,75,75,937,436,501,
statistical_population_data_1181,2022,182028,,福井県,敦賀市,,,,76,76,529,239,290,
statistical_population_data_1182,2022,182028,,福井県,敦賀市,,,,77,77,572,267,305,
statistical_population_data_1183,2022,182028,,福井県,敦賀市,,,,78,78,671,284,387,
statistical_population_data_1184,2022,182028,,福井県,敦賀市,,,,79,79,686,299,387,
statistical_population_data_1185,2022,182028,,福井県,敦賀市,,,,80,80,646,279,367,
statistical_population_data_1186,2022,182028,,福井県,敦賀市,,,,81,81,569,248,321,
statistical_population_data_1187,2022,182028,,福井県,敦賀市,,,,82,82,505,203,302,
statistical_population_data_1188,2022,182028,,福井県,敦賀市,,,,83,83,430,173,257,
statistical_population_data_1189,2022,182028,,福井県,敦賀市,,,,84,84,471,189,282,
statistical_population_data_1190,2022,182028,,福井県,敦賀市,,,,85,85,453,172,281,
statistical_population_data_1191,2022,182028,,福井県,敦賀市,,,,86,86,451,152,299,
statistical_population_data_1192,2022,182028,,福井県,敦賀市,,,,87,87,399,129,270,
statistical_population_data_1193,2022,182028,,福井県,敦賀市,,,,88,88,349,111,238,
statistical_population_data_1194,2022,182028,,福井県,敦賀市,,,,89,89,319,103,216,
statistical_population_data_1195,2022,182028,,福井県,敦賀市,,,,90,,1511,388,1123,
statistical_population_data_1196,2022,182028,,福井県,敦賀市,,,,0,,63797,31486,32311,
statistical_population_data_1197,2023,182028,,福井県,敦賀市,,,,0,0,363,185,178,
statistical_population_data_1198,2023,182028,,福井県,敦賀市,,,,1,1,414,200,214,
statistical_population_data_1199,2023,182028,,福井県,敦賀市,,,,2,2,450,224,226,
statistical_population_data_1200,2023,182028,,福井県,敦賀市,,,,3,3,428,213,215,
statistical_population_data_1201,2023,182028,,福井県,敦賀市,,,,4,4,426,215,211,
statistical_population_data_1202,2023,182028,,福井県,敦賀市,,,,5,5,481,262,219,
statistical_population_data_1203,2023,182028,,福井県,敦賀市,,,,6,6,522,285,237,
statistical_population_data_1204,2023,182028,,福井県,敦賀市,,,,7,7,518,268,250,
statistical_population_data_1205,2023,182028,,福井県,敦賀市,,,,8,8,536,270,266,
statistical_population_data_1206,2023,182028,,福井県,敦賀市,,,,9,9,556,288,268,
statistical_population_data_1207,2023,182028,,福井県,敦賀市,,,,10,10,570,276,294,
statistical_population_data_1208,2023,182028,,福井県,敦賀市,,,,11,11,558,286,272,
statistical_population_data_1209,2023,182028,,福井県,敦賀市,,,,12,12,600,294,306,
statistical_population_data_1210,2023,182028,,福井県,敦賀市,,,,13,13,604,326,278,
statistical_population_data_1211,2023,182028,,福井県,敦賀市,,,,14,14,579,290,289,
statistical_population_data_1212,2023,182028,,福井県,敦賀市,,,,15,15,623,300,323,
statistical_population_data_1213,2023,182028,,福井県,敦賀市,,,,16,16,616,317,299,
statistical_population_data_1214,2023,182028,,福井県,敦賀市,,,,17,17,629,350,279,
statistical_population_data_1215,2023,182028,,福井県,敦賀市,,,,18,18,564,291,273,
statistical_population_data_1216,2023,182028,,福井県,敦賀市,,,,19,19,604,298,306,
statistical_population_data_1217,2023,182028,,福井県,敦賀市,,,,20,20,613,314,299,
statistical_population_data_1218,2023,182028,,福井県,敦賀市,,,,21,21,610,317,293,
statistical_population_data_1219,2023,182028,,福井県,敦賀市,,,,22,22,684,366,318,
statistical_population_data_1220,2023,182028,,福井県,敦賀市,,,,23,23,559,305,254,
statistical_population_data_1221,2023,182028,,福井県,敦賀市,,,,24,24,613,341,272,
statistical_population_data_1222,2023,182028,,福井県,敦賀市,,,,25,25,602,330,272,
statistical_population_data_1223,2023,182028,,福井県,敦賀市,,,,26,26,589,333,256,
statistical_population_data_1224,2023,182028,,福井県,敦賀市,,,,27,27,540,295,245,
statistical_population_data_1225,2023,182028,,福井県,敦賀市,,,,28,28,546,292,254,
statistical_population_data_1226,2023,182028,,福井県,敦賀市,,,,29,29,551,312,239,
statistical_population_data_1227,2023,182028,,福井県,敦賀市,,,,30,30,613,343,270,
statistical_population_data_1228,2023,182028,,福井県,敦賀市,,,,31,31,552,289,263,
statistical_population_data_1229,2023,182028,,福井県,敦賀市,,,,32,32,575,311,264,
statistical_population_data_1230,2023,182028,,福井県,敦賀市,,,,33,33,652,346,306,
statistical_population_data_1231,2023,182028,,福井県,敦賀市,,,,34,34,649,348,301,
statistical_population_data_1232,2023,182028,,福井県,敦賀市,,,,35,35,607,317,290,
statistical_population_data_1233,2023,182028,,福井県,敦賀市,,,,36,36,691,363,328,
statistical_population_data_1234,2023,182028,,福井県,敦賀市,,,,37,37,686,371,315,
statistical_population_data_1235,2023,182028,,福井県,敦賀市,,,,38,38,731,348,383,
statistical_population_data_1236,2023,182028,,福井県,敦賀市,,,,39,39,731,364,367,
statistical_population_data_1237,2023,182028,,福井県,敦賀市,,,,40,40,747,394,353,
statistical_population_data_1238,2023,182028,,福井県,敦賀市,,,,41,41,729,393,336,
statistical_population_data_1239,2023,182028,,福井県,敦賀市,,,,42,42,783,396,387,
statistical_population_data_1240,2023,182028,,福井県,敦賀市,,,,43,43,793,418,375,
statistical_population_data_1241,2023,182028,,福井県,敦賀市,,,,44,44,764,387,377,
statistical_population_data_1242,2023,182028,,福井県,敦賀市,,,,45,45,836,448,388,
statistical_population_data_1243,2023,182028,,福井県,敦賀市,,,,46,46,855,443,412,
statistical_population_data_1244,2023,182028,,福井県,敦賀市,,,,47,47,960,493,467,
statistical_population_data_1245,2023,182028,,福井県,敦賀市,,,,48,48,969,495,474,
statistical_population_data_1246,2023,182028,,福井県,敦賀市,,,,49,49,967,490,477,
statistical_population_data_1247,2023,182028,,福井県,敦賀市,,,,50,50,1054,531,523,
statistical_population_data_1248,2023,182028,,福井県,敦賀市,,,,51,51,1001,504,497,
statistical_population_data_1249,2023,182028,,福井県,敦賀市,,,,52,52,920,474,446,
statistical_population_data_1250,2023,182028,,福井県,敦賀市,,,,53,53,887,440,447,
statistical_population_data_1251,2023,182028,,福井県,敦賀市,,,,54,54,876,455,421,
statistical_population_data_1252,2023,182028,,福井県,敦賀市,,,,55,55,852,433,419,
statistical_population_data_1253,2023,182028,,福井県,敦賀市,,,,56,56,890,443,447,
statistical_population_data_1254,2023,182028,,福井県,敦賀市,,,,57,57,618,313,305,
statistical_population_data_1255,2023,182028,,福井県,敦賀市,,,,58,58,837,432,405,
statistical_population_data_1256,2023,182028,,福井県,敦賀市,,,,59,59,843,427,416,
statistical_population_data_1257,2023,182028,,福井県,敦賀市,,,,60,60,805,399,406,
statistical_population_data_1258,2023,182028,,福井県,敦賀市,,,,61,61,821,404,417,
statistical_population_data_1259,2023,182028,,福井県,敦賀市,,,,62,62,784,426,358,
statistical_population_data_1260,2023,182028,,福井県,敦賀市,,,,63,63,793,383,410,
statistical_population_data_1261,2023,182028,,福井県,敦賀市,,,,64,64,850,425,425,
statistical_population_data_1262,2023,182028,,福井県,敦賀市,,,,65,65,779,403,376,
statistical_population_data_1263,2023,182028,,福井県,敦賀市,,,,66,66,760,371,389,
statistical_population_data_1264,2023,182028,,福井県,敦賀市,,,,67,67,895,434,461,
statistical_population_data_1265,2023,182028,,福井県,敦賀市,,,,68,68,872,437,435,
statistical_population_data_1266,2023,182028,,福井県,敦賀市,,,,69,69,812,420,392,
statistical_population_data_1267,2023,182028,,福井県,敦賀市,,,,70,70,885,434,451,
statistical_population_data_1268,2023,182028,,福井県,敦賀市,,,,71,71,881,427,454,
statistical_population_data_1269,2023,182028,,福井県,敦賀市,,,,72,72,907,441,466,
statistical_population_data_1270,2023,182028,,福井県,敦賀市,,,,73,73,1042,480,562,
statistical_population_data_1271,2023,182028,,福井県,敦賀市,,,,74,74,1101,540,561,
statistical_population_data_1272,2023,182028,,福井県,敦賀市,,,,75,75,1039,480,559,
statistical_population_data_1273,2023,182028,,福井県,敦賀市,,,,76,76,913,420,493,
statistical_population_data_1274,2023,182028,,福井県,敦賀市,,,,77,77,510,229,281,
statistical_population_data_1275,2023,182028,,福井県,敦賀市,,,,78,78,558,257,301,
statistical_population_data_1276,2023,182028,,福井県,敦賀市,,,,79,79,657,276,381,
statistical_population_data_1277,2023,182028,,福井県,敦賀市,,,,80,80,664,288,376,
statistical_population_data_1278,2023,182028,,福井県,敦賀市,,,,81,81,616,264,352,
statistical_population_data_1279,2023,182028,,福井県,敦賀市,,,,82,82,537,229,308,
statistical_population_data_1280,2023,182028,,福井県,敦賀市,,,,83,83,478,187,291,
statistical_population_data_1281,2023,182028,,福井県,敦賀市,,,,84,84,397,152,245,
statistical_population_data_1282,2023,182028,,福井県,敦賀市,,,,85,85,433,164,269,
statistical_population_data_1283,2023,182028,,福井県,敦賀市,,,,86,86,420,152,268,
statistical_population_data_1284,2023,182028,,福井県,敦賀市,,,,87,87,423,142,281,
statistical_population_data_1285,2023,182028,,福井県,敦賀市,,,,88,88,364,113,251,
statistical_population_data_1286,2023,182028,,福井県,敦賀市,,,,89,89,311,95,216,
statistical_population_data_1287,2023,182028,,福井県,敦賀市,,,,90,,1516,386,1130,
statistical_population_data_1288,2023,182028,,福井県,敦賀市,,,,0,,63039,31110,31929,
